Currency,Current_Price,Old_Price,% inc or dec.
GameCredits,$1.16,$0.000010,11599900
Gnosis,$54.13,$0.000780,6939643.58974359
Altcoin,$19.67,$0.001186,1658416.02023609
DubaiCoin,$4.12,$0.001146,359411.343804538
Verge,$0.027599,$0.000008,344887.5
Credits,$0.353954,$0.000109,324628.440366972
PIVX,$2.74,$0.000995,275276.884422111
UniCoin,$0.204049,$0.000093,219307.52688172
Emercoin,$2.69,$0.001504,178756.382978723
EuropeCoin,$0.296081,$0.000279,106022.222222222
Nexus,$1.51,$0.001628,92651.8427518428
Qora,$0.319287,$0.000362,88100.8287292818
Fantasy Cash,$0.164278,$0.000199,82451.7587939698
MUSE,$0.755393,$0.000942,80090.3397027601
Pura,$0.125814,$0.000157,80036.3057324841
NEM,$0.205469,$0.000265,77435.4716981132
HempCoin,$0.063174,$0.000082,76941.4634146341
Sphere,$1.52,$0.001997,76014.1712568853
Dash,$258.28,$0.366146,70440.1670371928
Ethereum,$490.46,$0.729533,67129.3097090879
SaluS,$26.62,$0.044919,59162.2275651729
MedicCoin,$0.088391,$0.000157,56200
DigitalNote,$0.007100,$0.000013,54515.3846153846
PinkCoin,$0.016446,$0.000031,52951.6129032258
AvatarCoin,$0.036681,$0.000070,52301.4285714286
Pepe Cash,$0.021963,$0.000046,47645.652173913
Hexx,$9.19,$0.019437,47180.9589957298
TransferCoin,$0.576800,$0.001373,41910.1966496723
RussiaCoin,$0.170399,$0.000408,41664.4607843137
OKCash,$0.080507,$0.000201,39953.2338308458
EduCoin,$0.001847,$0.000005,36840
Siacoin,$0.012767,$0.000035,36377.1428571429
Nano,$2.62,$0.007578,34473.7661652151
ExclusiveCoin,$0.636559,$0.001855,34215.8490566038
Machinecoin,$0.029845,$0.000091,32696.7032967033
Dotcoin,$0.018113,$0.000059,30600
Rubycoin,$0.323473,$0.001132,28475.3533568905
MonetaryUnit,$0.084860,$0.000303,27906.600660066
Trollcoin,$0.000789,$0.000003,26200
NavCoin,$0.650793,$0.002664,24329.1666666667
Energycoin,$0.044175,$0.000187,23522.9946524064
vTorrent,$0.232513,$0.001006,23012.6242544732
ChainCoin,$0.099789,$0.000450,22075.3333333333
Blocknet,$16.99,$0.078200,21626.3427109974
SpreadCoin,$0.257822,$0.001302,19701.9969278034
Stratis,$3.23,$0.016344,19662.6040137053
Kobocoin,$0.050270,$0.000275,18180
MustangCoin,$0.197212,$0.001079,18177.2937905468
Groestlcoin,$0.733621,$0.004067,17938.3820998279
MetalCoin,$0.006311,$0.000035,17931.4285714286
Enigma,$1.33,$0.007539,17541.5970287837
AquariusCoin,$0.238967,$0.001367,17381.1265544989
ReddCoin,$0.005129,$0.000031,16445.1612903226
Animecoin,$0.009466,$0.000060,15676.6666666667
Pakcoin,$0.003616,$0.000023,15621.7391304348
BitcoinDark,$50.10,$0.335952,14812.8446920989
Gambit,$4.83,$0.032799,14626.0587213025
Binance Coin,$15.43,$0.105868,14474.753466581
FairCoin,$0.468511,$0.003473,13390.0950187158
Radium,$2.61,$0.019599,13217.0059696923
TittieCoin,$0.000264,$0.000002,13100
Ripple,$0.555480,$0.004336,12710.8856088561
BitSend,$0.361753,$0.002965,12100.7757166948
TeslaCoilCoin,$2.58,$0.021390,11961.7110799439
Safe Exchange...,$0.019127,$0.000160,11854.375
Syscoin,$0.237387,$0.001986,11853.0211480363
Bitcloud,$0.131069,$0.001112,11686.7805755396
Bata,$0.096024,$0.000815,11682.0858895706
Sativacoin,$0.020650,$0.000176,11632.9545454545
SocialCoin,$0.002695,$0.000023,11617.3913043478
WeAreSatoshi,$0.057652,$0.000506,11293.6758893281
Bitzeny,$0.014424,$0.000135,10584.4444444444
NEO,$41.07,$0.394465,10311.5701012764
AurumCoin,$11.35,$0.111815,10050.6953449895
Woodcoin,$0.091967,$0.000937,9715.04802561366
Evil Coin,$0.008875,$0.000094,9341.48936170213
Factom,$11.47,$0.125458,9042.50187313683
Gulden,$0.075962,$0.000858,8753.37995337996
ParallelCoin,$0.727426,$0.008620,8338.81670533643
SIBCoin,$0.432589,$0.005177,8255.97836584895
Decred,$94.33,$1.13,8247.78761061947
Bitcoin Fast,$0.011175,$0.000137,8056.93430656934
GoldCoin,$0.103525,$0.001296,7888.04012345679
Moin,$0.076238,$0.000958,7858.0375782881
Zoin,$0.309394,$0.003992,7650.35070140281
Aeon,$1.51,$0.019625,7594.26751592357
ERA,$0.013020,$0.000170,7558.82352941176
Tellurion,$0.000437,$0.000006,7183.33333333333
Crown,$0.671022,$0.009325,7095.94638069705
Universal Cur...,$0.214188,$0.002979,7089.92950654582
Joincoin,$0.052393,$0.000751,6876.43142476698
InsaneCoin,$0.026909,$0.000388,6835.30927835052
Debitcoin,$0.003157,$0.000047,6617.02127659574
Stellar,$0.229990,$0.003493,6484.31148010306
SJWCoin,$0.000329,$0.000005,6480
PopularCoin,$0.000263,$0.000004,6475
CannabisCoin,$0.028405,$0.000448,6240.40178571429
Ratecoin,$0.001380,$0.000022,6172.72727272727
Mercury,$0.136812,$0.002194,6135.73381950775
Storjcoin X,$0.750179,$0.012193,6052.53834167145
PoSW Coin,$0.065803,$0.001080,5992.87037037037
BenjiRolls,$0.002494,$0.000041,5982.92682926829
Spectrecoin,$0.234590,$0.003954,5832.97926150733
Einsteinium,$0.149238,$0.002539,5777.82591571485
ERC20,$0.010925,$0.000188,5711.17021276596
CloakCoin,$5.58,$0.096299,5694.45269421282
XTRABYTES,$0.035205,$0.000647,5341.26738794436
EverGreenCoin,$0.133896,$0.002465,5331.88640973631
Karbo,$0.463054,$0.008685,5231.65227403569
PeepCoin,$0.001052,$0.000020,5160
Bean Cash,$0.004886,$0.000093,5153.76344086021
NoLimitCoin,$0.058047,$0.001137,5005.27704485488
Ubiq,$0.995260,$0.019901,4901.05522335561
Bitcoin,$6583.90,$135.58,4756.09971972267
EXRNchain,$0.000097,$0.000002,4750
Tao,$0.328752,$0.006924,4648.00693240901
Linda,$0.002029,$0.000044,4511.36363636364
SHIELD,$0.027206,$0.000610,4360
EggCoin,$0.012368,$0.000278,4348.92086330935
Denarius,$1.02,$0.022958,4342.89572262392
JobsCoin,$0.000526,$0.000012,4283.33333333333
UGAIN,$0.001446,$0.000033,4281.81818181818
Metal Music Coin,$0.000522,$0.000012,4250
Sakuracoin,$0.002169,$0.000051,4152.94117647059
Canada eCoin,$0.011056,$0.000262,4119.84732824427
Swarm,$0.834174,$0.020112,4047.64319809069
BumbaCoin,$0.007103,$0.000172,4029.6511627907
Beatcoin,$0.059164,$0.001476,3908.40108401084
Asch,$0.749073,$0.019114,3818.97561996442
Triangles,$3.19,$0.082872,3749.30977893619
BlueCoin,$0.003742,$0.000099,3679.79797979798
Jin Coin,$0.013147,$0.000359,3562.11699164345
Regacoin,$0.000460,$0.000013,3438.46153846154
AudioCoin,$0.001509,$0.000043,3409.3023255814
TrustPlus,$0.039114,$0.001158,3277.72020725389
Anoncoin,$1.12,$0.033585,3234.82209319637
MonaCoin,$2.86,$0.085967,3226.85798038782
Monero,$125.73,$3.78,3226.19047619048
Aidos Kuneen,$21.04,$0.633656,3220.4135998081
SatoshiMadness,$0.000066,$0.000002,3200
UnbreakableCoin,$0.385418,$0.011717,3189.39148246138
Synereo,$0.134506,$0.004116,3167.8814382896
Money,$0.001183,$0.000037,3097.2972972973
Bitz,$0.090723,$0.002854,3078.80168185004
PetroDollar,$0.009203,$0.000297,2998.6531986532
TopCoin,$0.000986,$0.000032,2981.25
Eurocoin,$0.006902,$0.000225,2967.55555555556
Shorty,$0.008543,$0.000279,2962.00716845878
Ethos,$1.78,$0.058433,2946.22388034159
BTCtalkcoin,$0.006442,$0.000213,2924.41314553991
DigiByte,$0.027964,$0.000932,2900.42918454936
Quark,$0.008863,$0.000298,2874.1610738255
Pascal Coin,$0.597896,$0.020371,2835.03509891512
SolarCoin,$0.241962,$0.008663,2693.0509061526
LanaCoin,$0.000492,$0.000018,2633.33333333333
2GIVE,$0.006322,$0.000232,2625
VeriCoin,$0.277432,$0.010215,2615.92755751346
BigUp,$0.000190,$0.000007,2614.28571428571
Nuls,$2.66,$0.100514,2546.39751676383
MarteXcoin,$0.228697,$0.008671,2537.49279206551
Golem,$0.387945,$0.014854,2511.7207486199
BitBay,$0.026996,$0.001048,2475.95419847328
MaidSafeCoin,$0.326499,$0.012791,2452.56821202408
SmileyCoin,$0.000051,$0.000002,2450
ArtByte,$0.004661,$0.000183,2446.99453551913
Bolivarcoin,$0.012443,$0.000489,2444.58077709611
Manna,$0.003550,$0.000140,2435.71428571429
Zurcoin,$0.001232,$0.000049,2414.28571428571
TrumpCoin,$0.052515,$0.002100,2400.71428571429
SoonCoin,$0.005522,$0.000223,2376.2331838565
Renos,$0.027412,$0.001140,2304.56140350877
High Voltage,$0.046017,$0.001914,2304.23197492163
Triggers,$0.476232,$0.020207,2256.76745682189
Oyster,$0.224574,$0.009546,2252.54556882464
IslaCoin,$0.133929,$0.005721,2241.00681699004
TRON,$0.042829,$0.001847,2218.84136437466
FuzzBalls,$0.009861,$0.000427,2209.36768149883
Litecoin,$99.30,$4.33,2193.3025404157
TajCoin,$0.009715,$0.000433,2143.64896073903
Bitcoin 21,$0.106495,$0.004771,2132.13162858939
PokeCoin,$0.000131,$0.000006,2083.33333333333
ECC,$0.000850,$0.000039,2079.48717948718
First Bitcoin,$0.014528,$0.000674,2055.48961424332
Unobtanium,$136.69,$6.41,2032.44929797192
Influxcoin,$0.090783,$0.004324,1999.51433857539
Ark,$1.68,$0.080228,1994.03200877499
OmiseGO,$9.04,$0.439359,1957.54292048188
Solaris,$3.38,$0.165789,1938.73598369011
FedoraCoin,$0.000020,$0.000001,1900
LeaCoin,$0.000478,$0.000024,1891.66666666667
AllSafe,$0.004038,$0.000205,1869.75609756098
Augur,$30.51,$1.61,1795.03105590062
Nxt,$0.116297,$0.006166,1786.10120012974
BlackCoin,$0.158213,$0.008424,1778.1220322887
BitShares,$0.154732,$0.008709,1676.69077965323
Carboncoin,$0.000088,$0.000005,1660
PostCoin,$0.012222,$0.000695,1658.56115107914
KiloCoin,$0.032869,$0.001880,1648.35106382979
Tattoocoin (L...,$2.60,$0.151046,1621.32992598281
Prototanium,$1.06,$0.061750,1616.5991902834
Hush,$0.560195,$0.032821,1606.81880503336
CampusCoin,$0.004594,$0.000274,1576.64233576642
Komodo,$1.97,$0.117562,1575.71153944302
bitBTC,$6640.90,$396.56,1574.62679039742
Experience Po...,$0.000099,$0.000006,1550
Alphabit,$22.35,$1.36,1543.38235294118
GeoCoin,$1.03,$0.062765,1541.04198199634
Yocoin,$0.035244,$0.002291,1438.36752509821
Argentum,$0.164052,$0.010871,1409.0792015454
Capricoin,$0.780276,$0.051985,1400.96373954025
Save and Gain,$0.003000,$0.000213,1308.45070422535
NeosCoin,$1.69,$0.121254,1293.76845299949
Uniform Fisca...,$0.000526,$0.000038,1284.21052631579
Memetic / Pep...,$0.112395,$0.008190,1272.34432234432
CompuCoin,$0.002827,$0.000207,1265.70048309179
Coin(O),$0.001446,$0.000106,1264.15094339623
GeyserCoin,$0.509750,$0.037383,1263.5877270417
Mooncoin,$0.000054,$0.000004,1250
SuperNET,$56.99,$4.28,1231.54205607477
I/O Coin,$0.693529,$0.052800,1213.50189393939
ZCoin,$21.74,$1.66,1209.63855421687
NewYorkCoin,$0.000065,$0.000005,1200
Opal,$0.021430,$0.001667,1185.54289142172
WhiteCoin,$0.106810,$0.008323,1183.31130601946
GridCoin,$0.030184,$0.002419,1147.7883422902
Safe Trade Coin,$0.000460,$0.000037,1143.24324324324
Cabbage,$0.025966,$0.002089,1142.98707515558
Circuits of V...,$0.004733,$0.000381,1142.25721784777
GuccioneCoin,$0.002104,$0.000170,1137.64705882353
VeChain,$2.94,$0.238212,1134.19475089416
Impact,$0.001972,$0.000161,1124.84472049689
PutinCoin,$0.003162,$0.000260,1116.15384615385
AnarchistsPrime,$0.003679,$0.000303,1114.19141914191
IrishCoin,$0.006179,$0.000524,1079.19847328244
X-Coin,$0.013942,$0.001204,1057.97342192691
BowsCoin,$0.001643,$0.000143,1048.95104895105
Bullion,$1.43,$0.124874,1045.15431555007
GeertCoin,$0.005643,$0.000502,1024.10358565737
Wings,$0.282628,$0.025406,1012.44587892624
VapersCoin,$0.000066,$0.000006,1000
Burst,$0.018243,$0.001660,998.975903614458
Skeincoin,$0.034709,$0.003177,992.508655964747
Shift,$1.31,$0.121767,975.825141458688
Edgeless,$0.376639,$0.035534,959.939775989194
Syndicate,$0.204956,$0.019577,946.922408949277
Firecoin,$1.04,$0.099806,942.021521752199
Independent M...,$0.005201,$0.000510,919.803921568628
LuckChain,$0.003150,$0.000315,900
MojoCoin,$0.018081,$0.001814,896.747519294377
Kore,$1.79,$0.180146,893.638493222164
Bitcrystals,$0.178276,$0.018063,886.967834800421
PIECoin,$0.001972,$0.000202,876.237623762376
Crypto,$0.005653,$0.000591,856.514382402708
GlobalCoin,$0.003944,$0.000413,854.963680387409
Skycoin,$12.17,$1.29,843.410852713178
Unitus,$0.012622,$0.001338,843.348281016442
Golfcoin,$0.000197,$0.000021,838.095238095238
Scorecoin,$0.002498,$0.000269,828.624535315985
NodeCoin,$0.003221,$0.000349,822.922636103152
EOS,$10.09,$1.11,809.009009009009
Byteball Bytes,$129.50,$14.57,788.812628689087
KushCoin,$0.047272,$0.005379,778.825060420152
ChessCoin,$0.004740,$0.000540,777.777777777778
Musicoin,$0.007944,$0.000909,773.927392739274
Dent,$0.006027,$0.000704,756.107954545455
Zeitcoin,$0.000077,$0.000009,755.555555555556
Photon,$0.000051,$0.000006,750
Tattoocoin (S...,$0.002367,$0.000280,745.357142857143
Ethereum Classic,$13.60,$1.65,724.242424242424
X2,$0.000203,$0.000025,712
Cubits,$0.001972,$0.000248,695.161290322581
SunContract,$0.099024,$0.012472,693.97049390635
Nexium,$0.093975,$0.011902,689.573180977987
ColossusXT,$0.001563,$0.000199,685.427135678392
Piggycoin,$0.000870,$0.000111,683.783783783784
PotCoin,$0.083452,$0.010662,682.704933408366
Kurrent,$0.004567,$0.000588,676.700680272109
Rise,$0.072250,$0.009345,673.140716960942
Gas,$14.07,$1.83,668.852459016393
DopeCoin,$0.024031,$0.003126,668.746001279591
LiteDoge,$0.000069,$0.000009,666.666666666667
Smoke,$0.038890,$0.005081,665.400511710293
Cardano,$0.161910,$0.021347,658.467231929545
Creditbit,$0.105700,$0.013937,658.412857860372
Sequence,$0.099263,$0.013140,655.426179604262
XPA,$0.106240,$0.014243,645.91027171242
Pandacoin,$0.000096,$0.000013,638.461538461538
Viacoin,$1.34,$0.182356,634.826383557437
Dogecoin,$0.003080,$0.000422,629.857819905213
BridgeCoin,$1.23,$0.177068,594.64838367181
President Joh...,$0.036418,$0.005366,578.680581438688
Docademic,$0.169159,$0.024938,578.318229208437
Ixcoin,$0.101476,$0.015118,571.226352692155
Zetacoin,$0.004257,$0.000647,557.959814528593
TeslaCoin,$0.025112,$0.003837,554.469637737816
Bela,$0.034175,$0.005258,549.961962723469
Neutron,$0.078414,$0.012225,541.423312883436
Populous,$8.00,$1.27,529.92125984252
Condensate,$0.005985,$0.000984,508.231707317073
Rupee,$0.037602,$0.006191,507.365530608948
Atomic Coin,$0.012490,$0.002076,501.637764932563
CoffeeCoin,$0.002235,$0.000373,499.195710455764
Bitcurrency,$0.001118,$0.000189,491.534391534392
ParkByte,$0.024191,$0.004167,480.53755699544
SOILcoin,$0.015711,$0.002718,478.0353200883
Flaxscript,$0.007428,$0.001314,465.296803652968
FujiCoin,$0.000395,$0.000070,464.285714285714
SuperCoin,$0.003944,$0.000705,459.432624113475
Phore,$1.27,$0.227358,458.590416875588
ShellCoin,$0.018034,$0.003238,456.948733786288
Truckcoin,$0.002629,$0.000483,444.306418219462
Santiment Net...,$0.878186,$0.165379,431.014215831514
BlazeCoin,$0.000461,$0.000088,423.863636363636
Genesis Vision,$11.20,$2.14,423.364485981308
CannaCoin,$0.040231,$0.007733,420.250872882452
Clams,$2.55,$0.494445,415.729757607014
Swarm City,$0.767752,$0.152496,403.457139859406
Loopring,$0.369046,$0.073909,399.324845418014
Cyder,$0.001446,$0.000292,395.205479452055
MarxCoin,$0.001648,$0.000334,393.413173652695
Mao Zedong,$0.070339,$0.014410,388.126301179736
STEX,$0.883759,$0.181556,386.769371433607
Netko,$0.084893,$0.017579,382.922805620342
PX,$0.000959,$0.000200,379.5
Quatloo,$0.014528,$0.003062,374.461136512084
Bitgem,$5.68,$1.20,373.333333333333
ATMCoin,$4.10,$0.870137,371.190168904437
BioBar,$0.009861,$0.002130,362.957746478873
Ardor,$0.189797,$0.041206,360.605251662379
AmsterdamCoin,$0.002112,$0.000459,360.130718954248
Magi,$0.181014,$0.039691,356.058048424076
Primecoin,$1.43,$0.316382,351.985258326959
Expanse,$1.04,$0.230226,351.730039178894
Megacoin,$0.023960,$0.005330,349.53095684803
InPay,$0.095319,$0.021261,348.327924368562
Elixir,$0.199887,$0.044610,348.076664425017
LoMoCoin,$0.031420,$0.007099,342.597548950556
Waves,$3.63,$0.821715,341.759004034245
Allion,$0.010463,$0.002381,339.437211255775
Neblio,$5.09,$1.17,335.042735042735
Litecred,$0.000961,$0.000221,334.841628959276
StarCoin,$0.017528,$0.004032,334.722222222222
Enjin Coin,$0.081255,$0.018920,329.466173361522
Monoeci,$0.723336,$0.169359,327.102191203302
Prime-XI,$0.004983,$0.001181,321.930567315834
ICON,$1.99,$0.472352,321.295982657002
Substratum,$0.270683,$0.065046,316.140884912216
ALQO,$0.291221,$0.070411,313.601567936828
Hat.Exchange,$0.941279,$0.228438,312.050096743974
ION,$0.937145,$0.229078,309.09428229686
Ontology,$6.17,$1.51,308.609271523179
Guncoin,$0.001972,$0.000483,308.281573498965
NANJCOIN,$0.001441,$0.000354,307.062146892655
Synergy,$0.082102,$0.020295,304.542990884454
VectorAI,$0.001118,$0.000277,303.610108303249
Mithril,$0.371038,$0.092637,300.528946317346
GlobalBoost-Y,$0.012226,$0.003057,299.934576382074
Lympo,$0.090998,$0.023039,294.973740179695
DigitalPrice,$0.087634,$0.022379,291.590330220296
SecretCoin,$0.022499,$0.005754,291.014946124435
PlatinumBAR,$0.850181,$0.218226,289.587400218122
Revain,$0.348736,$0.090754,284.265156356745
OracleChain,$0.598469,$0.155895,283.892363449758
Peercoin,$1.49,$0.389696,282.349318443094
DECENT,$0.411560,$0.109589,275.54864083074
iXledger,$0.476398,$0.128068,271.988318705688
Bit20,"$379,599","$102,071",271.897012863595
Monaco,$5.20,$1.41,268.794326241135
FORCE,$0.014371,$0.003952,263.638663967611
Bitswift,$0.368129,$0.101385,263.100064112048
RChain,$1.00,$0.278714,258.790731717818
Motocoin,$0.015843,$0.004430,257.629796839729
Waltonchain,$8.74,$2.45,256.734693877551
Bytom,$0.522553,$0.147900,253.31507775524
Decentraland,$0.096754,$0.027388,253.27150576895
Bitstar,$0.006968,$0.001978,252.275025278059
VeriumReserve,$1.57,$0.448261,250.242381112789
Paypex,$0.816329,$0.234589,247.982641982361
Creatio,$0.001183,$0.000345,242.898550724638
BritCoin,$0.021036,$0.006157,241.659899301608
DigixDAO,$107.96,$31.66,240.998104864182
Smartlands,$1.88,$0.559700,235.894229051277
OBITS,$0.258059,$0.077801,231.691109368774
Vertcoin,$1.11,$0.335632,230.719359298279
Iconomi,$0.701216,$0.214538,226.849322730705
Pillar,$0.179471,$0.054979,226.435548118372
Hive Project,$0.044520,$0.013684,225.343466822566
iExec RLC,$1.06,$0.331809,219.460894671332
Loom Network,$0.244197,$0.077028,217.023679700888
DROXNE,$0.002695,$0.000853,215.943728018757
SpaceCoin,$0.006245,$0.001999,212.406203101551
Aeternity,$2.64,$0.845926,212.084035719436
SHACoin,$0.000592,$0.000190,211.578947368421
GoldPieces,$0.052650,$0.016939,210.821181887951
BiblePay,$0.002629,$0.000849,209.658421672556
Solarflarecoin,$0.007027,$0.002272,209.286971830986
Global Curren...,$0.076387,$0.024996,205.596895503281
Huobi Token,$4.45,$1.46,204.794520547945
TaaS,$2.61,$0.857594,204.339815810279
SixEleven,$0.265053,$0.087529,202.817351963349
Bubble,$0.003747,$0.001240,202.177419354839
Aricoin,$0.001380,$0.000459,200.653594771242
IOTA,$1.24,$0.414807,198.934203135434
Decision Token,$0.552963,$0.188576,193.230845918887
Atmos,$0.036221,$0.012497,189.837561014643
Aeron,$0.850249,$0.294639,188.573135260437
PrismChain,$0.001052,$0.000368,185.869565217391
BitConnect,$0.498339,$0.174661,185.317844281208
Cryptonex,$3.86,$1.36,183.823529411765
Steem,$1.75,$0.617597,183.356298686684
Bitcoin Plus,$33.77,$12.08,179.55298013245
Darcrus,$0.083605,$0.030369,175.2971780434
Dynamic,$1.30,$0.472754,174.984452802092
DeepOnion,$0.821022,$0.299632,174.010119079404
Veltor,$0.056600,$0.020961,170.025285053194
Fastcoin,$0.002761,$0.001034,167.021276595745
Aion,$1.59,$0.596772,166.433411755243
Lisk,$6.58,$2.51,162.151394422311
Diamond,$4.09,$1.57,160.509554140127
Banca,$0.001417,$0.000545,160
Storiqa,$0.008186,$0.003174,157.908002520479
Lunyr,$8.27,$3.21,157.632398753894
Donationcoin,$0.000986,$0.000388,154.123711340206
ZClassic,$9.98,$3.95,152.658227848101
Bitcoin Cash,$866.76,$344.23,151.796763791651
SpankChain,$0.103919,$0.041602,149.793279169271
Snovio,$0.011843,$0.004767,148.437172225718
Payfair,$0.035849,$0.014623,145.154892976817
ODEM,$0.231451,$0.094684,144.445735287905
Chronobank,$18.25,$7.54,142.042440318302
KuCoin Shares,$2.34,$0.969580,141.341611831927
Exchange Union,$5.38,$2.23,141.255605381166
E-coin,$7.33,$3.06,139.542483660131
LIFE,$0.000197,$0.000083,137.349397590361
Qtum,$11.16,$4.72,136.440677966102
ELTCOIN,$0.005828,$0.002477,135.284618490109
Switcheo,$0.023955,$0.010228,134.210011732499
BTCMoon,$0.003287,$0.001407,133.61762615494
Incent,$0.260007,$0.111764,132.639311406177
SingularDTV,$0.041203,$0.017882,130.416060843306
Litecoin Plus,$0.197212,$0.086351,128.384153049762
ZetaMicron,$0.000066,$0.000029,127.586206896552
Dynamic Tradi...,$0.042258,$0.018613,127.034868102939
Darsek,$0.007231,$0.003189,126.748196926936
Bitmark,$0.230015,$0.102223,125.012961857899
iTicoin,$11.89,$5.29,124.76370510397
Cycling Coin,$0.000823,$0.000367,124.25068119891
Tokes,$1.02,$0.457818,122.795958219205
Newbium,$0.006268,$0.002837,120.937610151569
Maker,$640.41,$296.13,116.259750785128
FoldingCoin,$0.008633,$0.003992,116.25751503006
IncaKoin,$0.000070,$0.000033,112.121212121212
Dollar Online,$0.014462,$0.006886,110.020331106593
Bitvolt,$0.000723,$0.000347,108.35734870317
Matchpool,$0.148753,$0.071570,107.842671510409
Dentacoin,$0.000451,$0.000219,105.936073059361
MinexCoin,$6.73,$3.27,105.810397553517
Wagerr,$0.188775,$0.092859,103.292088004394
Version,$0.002502,$0.001233,102.919708029197
Bibox Token,$1.39,$0.685467,102.78146139785
BnkToTheFuture,$0.154767,$0.076805,101.506412342946
NevaCoin,$0.046348,$0.023147,100.233291571262
Privatix,$3.68,$1.84,100
vSlice,$0.065803,$0.032991,99.4574277833349
0x,$0.867202,$0.436389,98.7222409364122
Bismuth,$1.59,$0.814505,95.2105880258562
RichCoin,$0.003616,$0.001854,95.0377562028048
SmartCash,$0.068550,$0.035247,94.4846369903822
Divi,$2.15,$1.11,93.6936936936937
Kin,$0.000153,$0.000079,93.6708860759494
300 Token,$533.00,$276.13,93.0250244450078
Universe,$0.028464,$0.014767,92.7541139026207
district0x,$0.039821,$0.020661,92.7351047867964
BABB,$0.001290,$0.000672,91.9642857142857
Mothership,$0.115290,$0.061110,88.659793814433
CVCoin,$0.644075,$0.341532,88.5840858250471
Theresa May Coin,$0.002652,$0.001408,88.3522727272727
ZIP,$0.004497,$0.002398,87.5312760633862
Hedge,$2.43,$1.30,86.9230769230769
Pesetacoin,$0.025576,$0.013705,86.6180226194819
Silent Notary,$0.000149,$0.000081,83.9506172839506
ZenCash,$17.20,$9.37,83.5645677694771
Status,$0.077234,$0.042327,82.4698183192761
Emerald Crypto,$0.008283,$0.004565,81.4457831325302
Swing,$0.039761,$0.021970,80.9786071916249
Mintcoin,$0.000197,$0.000109,80.7339449541285
Power Ledger,$0.258147,$0.142904,80.6436488831663
HEAT,$0.154483,$0.086105,79.4123453922536
e-Gulden,$0.076626,$0.042800,79.0327102803738
COSS,$0.123089,$0.069246,77.7561158767293
BOAT,$0.001183,$0.000667,77.3613193403298
Upfiring,$0.139301,$0.079093,76.1230450229477
EBCH,$0.092464,$0.052612,75.7469778757698
Tezos (Pre-La...,$4.17,$2.39,74.4769874476987
RevolverCoin,$0.005653,$0.003246,74.1528034504005
GoldBlocks,$0.010789,$0.006213,73.6520199581523
Pluton,$5.26,$3.03,73.5973597359736
Veritaseum,$71.07,$41.14,72.7515799708313
First Bitcoin...,$0.088022,$0.051278,71.656460860408
Delphy,$1.24,$0.723236,71.4516423408127
WaykiChain,$1.13,$0.663043,70.4263524386805
Consensus,$0.017429,$0.010241,70.188458158383
Cindicator,$0.040219,$0.023640,70.1311336717428
Internxt,$4.91,$2.89,69.8961937716263
Dignity,$0.103622,$0.061009,69.8470717435133
Nexty,$0.000385,$0.000227,69.6035242290749
LUXCoin,$5.92,$3.52,68.1818181818182
PayCon,$0.002997,$0.001782,68.1818181818182
Qbao,$0.343236,$0.205283,67.2013756618911
Request Network,$0.088690,$0.053384,66.1359208751686
VIBE,$0.101375,$0.062033,63.4210823271484
FlorinCoin,$0.060466,$0.037213,62.4862279310994
Halloween Coin,$0.000197,$0.000122,61.4754098360656
Happycoin,$0.032239,$0.020104,60.3611221647433
Bitcore,$2.19,$1.38,58.695652173913
Social Send,$0.093538,$0.059000,58.5389830508475
Coinonat,$0.005657,$0.003576,58.1935123042506
Wink,$0.000544,$0.000346,57.2254335260116
Titcoin,$0.003879,$0.002473,56.8540234532956
Aragon,$2.27,$1.46,55.4794520547945
ChainLink,$0.228657,$0.147440,55.0847802495931
Maecenas,$0.492523,$0.319557,54.1268067981612
TrezarCoin,$0.014324,$0.009305,53.9387426114992
ClubCoin,$0.283065,$0.184158,53.7076857915486
Elementrem,$0.016434,$0.010770,52.5905292479109
MindCoin,$0.002761,$0.001810,52.5414364640884
eBoost,$0.118722,$0.078232,51.7563145515901
FirstBlood,$0.180105,$0.119135,51.1772359088429
Vsync,$0.009400,$0.006221,51.1011091464395
DAPPSTER,$0.000394,$0.000261,50.9578544061303
iEthereum,$0.019949,$0.013254,50.5130526633469
Sterlingcoin,$0.056390,$0.037558,50.1411150753501
Callisto Network,$0.033375,$0.022260,49.9326145552561
iBank,$0.001512,$0.001013,49.2596248766041
Hydrogen,$0.002800,$0.001879,49.0154337413518
PayPie,$0.360182,$0.243249,48.0713178676994
Rialto,$0.124857,$0.084398,47.9383397710846
Humaniq,$0.097100,$0.065866,47.4205204506118
Peculium,$0.003191,$0.002184,46.1080586080586
ETHLend,$0.034054,$0.023471,45.0896851433684
AdEx,$0.406528,$0.281538,44.3954279706469
Etherparty,$0.041156,$0.028986,41.9857862416339
Californium,$0.020313,$0.014341,41.6428422006833
BROTHER,$0.000523,$0.000370,41.3513513513514
Coupecoin,$0.000068,$0.000049,38.7755102040816
Omicron,$0.103273,$0.074604,38.4282344110235
Nullex,$0.039456,$0.028546,38.2190149232817
Zero,$0.363527,$0.263850,37.777904112185
InflationCoin,$0.000011,$0.000008,37.5
IoTeX,$0.039574,$0.028891,36.976913225572
BlockMason Cr...,$0.193913,$0.141878,36.6758764572379
Databits,$0.339270,$0.248788,36.3691174815506
Stakenet,$0.659592,$0.486049,35.7048363436608
President Trump,$0.008475,$0.006251,35.5783074708047
Iconic,$0.046352,$0.034389,34.7872866323534
XinFin Network,$0.004735,$0.003518,34.5935190449119
APX,$6.43,$4.78,34.5188284518828
Cannation,$0.008841,$0.006590,34.1578148710167
Bitcoin Green,$4.94,$3.70,33.5135135135135
StarCash Network,$0.276031,$0.206843,33.4495245185962
Biotron,$0.049728,$0.037264,33.4478316874195
Soma,$0.147843,$0.110810,33.420268928797
Steem Dollars,$1.39,$1.05,32.3809523809524
Ambrosus,$0.303405,$0.230291,31.7485268638375
BlitzPredict,$0.005117,$0.003887,31.643941342938
Bytecent,$0.595514,$0.452949,31.4748459539595
ClearPoll,$0.592103,$0.454542,30.26365000374
EncrypGen,$0.082905,$0.064006,29.5269193513108
Pirl,$0.284186,$0.220568,28.842805846723
LockTrip,$0.875764,$0.682245,28.3650301577879
LatiumX,$0.056074,$0.043728,28.2336260519576
Propy,$0.812166,$0.633798,28.1427205513429
Cappasity,$0.024727,$0.019342,27.8409678420019
Lykke,$0.059922,$0.046895,27.7790809254718
Breakout Stake,$0.564083,$0.442939,27.3500414278264
eosDAC,$0.117785,$0.092730,27.0193033538229
TokenCard,$1.20,$0.946298,26.8099478177065
BLOCKv,$0.023536,$0.018644,26.2390045054709
Hubii Network,$0.274896,$0.219314,25.3435713178365
TokenPay,$2.73,$2.18,25.2293577981651
Granite,$0.004207,$0.003372,24.7627520759193
Daneel,$0.042525,$0.034272,24.0808823529412
Publica,$0.168698,$0.137106,23.042025877788
GINcoin,$9.60,$7.90,21.5189873417721
Namecoin,$1.43,$1.18,21.1864406779661
BitCoal,$0.011914,$0.009930,19.9798590130916
Acoin,$0.069287,$0.057926,19.6129544591375
Level Up Coin,$0.011888,$0.010002,18.8562287542492
Credo,$0.037266,$0.031589,17.9714457564342
Havven,$0.439648,$0.375219,17.1710387800191
Sovereign Hero,$183.97,$157.21,17.021817950512
Storj,$0.587608,$0.502945,16.8334509737645
Unify,$0.036438,$0.031201,16.7847184385116
Nework,$0.072900,$0.062530,16.5840396609627
bitGold,$1427.82,$1233.34,15.7685634131707
bitSilver,$19.83,$17.14,15.6942823803967
Digitalcoin,$0.033912,$0.029396,15.3626343720234
Spectiv,$0.018311,$0.015921,15.0116198731236
Po.et,$0.018730,$0.016333,14.6758097104023
Boolberry,$0.874701,$0.764339,14.4388811770693
Rawcoin,$0.010124,$0.008862,14.2405777476867
Sugar Exchange,$0.098357,$0.086529,13.6694056327936
Orbitcoin,$0.276754,$0.244068,13.3921693954144
Achain,$0.137369,$0.121597,12.9707147380281
APR Coin,$2.57,$2.28,12.719298245614
Fusion,$4.49,$3.99,12.531328320802
Utrum,$0.101685,$0.090389,12.4970958855613
MediShares,$0.051503,$0.046130,11.6475178842402
KekCoin,$0.093216,$0.083498,11.6386021222065
bitEUR,$1.32,$1.19,10.9243697478992
PonziCoin,$0.034459,$0.031096,10.8148958065346
Blocktix,$0.269261,$0.243186,10.7222455240022
True Chain,$1.49,$1.35,10.3703703703704
Civic,$0.206215,$0.186979,10.287786328946
EagleCoin,$0.063789,$0.058170,9.65961835997937
bitUSD,$1.09,$0.996020,9.43555350294173
Stipend,$0.923543,$0.844116,9.4094887432533
FunFair,$0.025224,$0.023266,8.41571391730423
Friendz,$0.016107,$0.014926,7.91236768055742
Miners' Rewar...,$0.106435,$0.099495,6.97522488567265
QuarkChain,$0.156326,$0.146204,6.923203195535
LALA World,$0.048483,$0.045539,6.46478842310987
DeviantCoin,$2.24,$2.11,6.16113744075831
HireMatch,$0.032013,$0.030172,6.10168368023334
Cryptojacks,$0.000419,$0.000395,6.0759493670886
Onix,$0.007034,$0.006653,5.72673981662407
AdShares,$0.238232,$0.225833,5.49034020714423
Virtacoin,$0.000020,$0.000019,5.26315789473685
QubitCoin,$0.001643,$0.001561,5.25304292120436
CHIPS,$0.232210,$0.221148,5.00208005498581
APIS,$0.007823,$0.007452,4.97852925389158
Eryllium,$0.007403,$0.007064,4.79898074745187
bitCNY,$0.170806,$0.163318,4.58492021699996
Rupaya,$0.077861,$0.074687,4.24973556308326
Primas,$0.374107,$0.359689,4.00846286653192
PureVidz,$0.001627,$0.001576,3.23604060913706
Nectar,$0.428080,$0.415481,3.03238896604176
CyberVein,$0.053032,$0.051547,2.88086600578113
NaPoleonX,$0.269939,$0.262486,2.83938952934632
TomoChain,$0.583040,$0.567153,2.80118416018252
Dinastycoin,$0.000329,$0.000321,2.49221183800622
Viuly,$0.003836,$0.003755,2.15712383488683
Aditus,$0.015673,$0.015419,1.64731824372528
Dai,$0.990695,$0.975012,1.60849302367561
Zephyr,$0.013306,$0.013142,1.24790747222646
Cryptaur,$0.004181,$0.004166,0.360057609217481
Legolas Exchange,$0.224859,$0.224080,0.347643698679044
IntenseCoin,$0.002568,$0.002562,0.234192037470723
Hurify,$0.071641,$0.071474,0.233651397711056
TrueUSD,$1.00,$0.998002,0.200199999599205
Golos Gold,$0.039932,$0.039887,0.112818712863831
IHT Real Esta...,$0.108560,$0.108465,0.087585857188953
Tether,$1.00,$1.00,0
PACcoin,$0.005182,$1.1e-08,0
Dimecoin,$0.000031,$9.4e-07,0
StrongHands,$5.4e-07,$0.000445,0
Sprouts,$6e-07,$0.000153,0
Espers,$0.000266,$4.7e-07,0
GCN Coin,$0.000010,$4.3e-08,0
BunnyCoin,$0.000012,$7.5e-08,0
The Cypherfunks,$0.000024,$2.4e-07,0
Dashcoin,$0.019826,$5.9e-07,0
Infinitecoin,$0.000042,$3.7e-07,0
EmberCoin,$7.4e-07,$0.000083,0
RabbitCoin,$0.000015,$2.1e-07,0
Vcash,?,$0.016484,0
Aston,?,$0.248870,0
Bancor,$3.30,$3.31,-0.302114803625385
Theta Token,$0.173037,$0.173811,-0.445311286397292
Zilbercoin,$0.121354,$0.122062,-0.580033097933837
Ormeus Coin,$0.671908,$0.677729,-0.8588978780604
Waves Communi...,$0.521738,$0.527099,-1.01707648847751
Basic Attenti...,$0.201741,$0.203860,-1.03943883056999
Fantomcoin,$0.105180,$0.106390,-1.13732493655419
BitRent,$0.032567,$0.032956,-1.18036169438039
EDUCare,$0.121770,$0.123345,-1.27690623859906
Protean,$0.000039,$0.000040,-2.49999999999999
Vice Industry...,$0.019064,$0.019614,-2.80411950647498
Digix Gold Token,$42.53,$43.90,-3.12072892938496
Bodhi,$0.482831,$0.499626,-3.36151441278076
CyberMiles,$0.220500,$0.228648,-3.56355620867009
XYO Network,$0.004025,$0.004196,-4.07530981887512
Starta,$0.588408,$0.613427,-4.07856191527272
CK USD,$0.941160,$0.990532,-4.9843922255919
Comet,$0.057862,$0.060983,-5.1178197202499
Storm,$0.022483,$0.023788,-5.48595930721372
WCOIN,$0.083923,$0.089035,-5.74156230695793
PRIZM,$1.01,$1.08,-6.48148148148149
Republic Prot...,$0.080592,$0.086707,-7.05248711176721
Aces,$0.000131,$0.000141,-7.09219858156028
Nebulas,$5.39,$5.83,-7.54716981132076
Sumokoin,$0.441924,$0.479415,-7.82015581489941
Useless Ether...,$0.013425,$0.014607,-8.09201067981105
BnrtxCoin,$0.001315,$0.001435,-8.36236933797909
Birds,$0.000197,$0.000215,-8.37209302325582
Artex Coin,$0.000665,$0.000726,-8.40220385674931
Cobinhood,$0.042730,$0.046767,-8.63215515213719
Bankera,$0.006421,$0.007094,-9.48689032985622
Coin2.1,$0.001578,$0.001746,-9.62199312714776
Counterparty,$12.13,$13.43,-9.67982129560684
Dragonchain,$0.367119,$0.407793,-9.97417807564132
FlypMe,$0.118327,$0.131550,-10.0516913721019
LoyalCoin,$0.004997,$0.005578,-10.4159196844747
Seele,$0.241497,$0.269741,-10.4707849381444
OAX,$0.388312,$0.434043,-10.5360528795534
Internet of T...,$196.85,$220.44,-10.7013246234803
PROUD Money,$0.017575,$0.019692,-10.7505586024782
Ripio Credit ...,$0.057566,$0.064666,-10.9794946339653
Particl,$5.28,$5.96,-11.4093959731544
Colu Local Ne...,$0.045689,$0.051602,-11.4588581837913
Autonio,$0.038190,$0.043338,-11.8787207531496
Tokenomy,$0.358556,$0.407821,-12.0800547298938
FuturoCoin,$13.52,$15.38,-12.0936280884265
AsiaCoin,$0.002761,$0.003148,-12.2935196950445
HeroNode,$0.020879,$0.023932,-12.7569781046298
LinkedCoin,$0.000135,$0.000155,-12.9032258064516
Zilliqa,$0.088233,$0.102420,-13.8517867603984
DecentBet,$0.156222,$0.182590,-14.4410975409387
I0Coin,$0.036321,$0.042761,-15.0604522812844
Flixxo,$0.084696,$0.100887,-16.0486484879122
Crave,$0.152735,$0.182425,-16.2751815814718
Tripio,$0.014018,$0.016789,-16.504854368932
The Abyss,$0.051464,$0.061807,-16.7343504781012
Time New Bank,$0.027141,$0.032701,-17.0025381486805
Ravencoin,$0.023225,$0.028037,-17.1630345614723
Sharpe Platfo...,$0.171972,$0.208154,-17.3823227033831
Scry.info,$0.347897,$0.421175,-17.3984685700718
CryptCoin,$0.061869,$0.075116,-17.6353905958784
MyWish,$0.121640,$0.147795,-17.6968097702899
Etheriya,$0.453719,$0.553273,-17.9936487050697
Quantum Resis...,$0.525059,$0.643929,-18.4601097325948
Presearch,$0.148641,$0.182448,-18.5296632465141
HyperStake,$0.002451,$0.003015,-18.7064676616915
U Network,$0.002664,$0.003295,-19.1502276176024
Sentinel,$0.008470,$0.010490,-19.256434699714
Blackmoon,$0.591454,$0.732903,-19.2998254885026
DigiPulse,$1.08,$1.34,-19.4029850746269
Lendroid Supp...,$0.007542,$0.009375,-19.552
Halcyon,$0.061136,$0.076085,-19.6477623710324
Metal,$1.92,$2.40,-20
Streamr DATAcoin,$0.070952,$0.088923,-20.2096195584944
Bitcoin Red,$0.012137,$0.015217,-20.2405204705264
SongCoin,$0.001512,$0.001898,-20.3371970495258
Ether Zero,$0.313238,$0.394202,-20.5387085808799
Advanced Inte...,$0.002038,$0.002568,-20.6386292834891
Network Token,$0.005660,$0.007133,-20.6504976868078
DCORP Utility,$0.125976,$0.159435,-20.9859817480478
BipCoin,$0.029648,$0.037682,-21.3205243883021
BitQuark,$0.006245,$0.007947,-21.4168868755505
KEY,$0.007280,$0.009296,-21.6867469879518
Faceter,$0.013735,$0.017568,-21.8180783242259
MEDX,$0.008485,$0.010865,-21.9052001840773
Sentinel Chain,$0.048076,$0.061591,-21.9431410433342
Gold Pressed ...,$0.190901,$0.244953,-22.0662739382657
Astro,$1.16,$1.49,-22.1476510067114
Sakura Bloom,$0.004536,$0.005864,-22.6466575716235
Swisscoin,$0.000657,$0.000850,-22.7058823529412
Dropil,$0.005841,$0.007574,-22.880908370742
Engine,$0.002869,$0.003726,-23.0005367686527
imbrex,$0.180136,$0.234856,-23.2993834519876
Content Neutr...,$0.001323,$0.001725,-23.304347826087
HTMLCOIN,$0.000395,$0.000516,-23.4496124031008
Cazcoin,$0.039715,$0.052038,-23.6807717437257
Ethereum Movi...,$0.121836,$0.159922,-23.8153599879941
Dovu,$0.057624,$0.075739,-23.9176646113627
Red Pulse,$0.040783,$0.053715,-24.075211765801
Graft,$0.026555,$0.035097,-24.3382625295609
Blue Protocol,$0.131911,$0.174618,-24.457386981869
REPO,$0.102897,$0.136373,-24.5473810798325
TraDove B2BCoin,$0.034938,$0.046413,-24.7236765561373
Qvolta,$0.117512,$0.156140,-24.739336492891
CryptoWorldX ...,$0.000394,$0.000524,-24.8091603053435
Ethereum Cash,$0.032146,$0.042827,-24.9398743783127
Hyper,$0.013213,$0.017637,-25.0836310030051
PCHAIN,$0.111252,$0.149294,-25.4812651546613
InvestFeed,$0.035997,$0.048307,-25.4828492765024
BetterBetting,$0.068155,$0.091466,-25.4859729298319
Bigbom,$0.011286,$0.015183,-25.6668642560759
TRAXIA,$0.036565,$0.049229,-25.7246744804891
IP Exchange,$0.005033,$0.006781,-25.7779088629996
BitTokens,$0.583542,$0.790333,-26.1650468853002
Slevin,$0.000394,$0.000534,-26.2172284644195
Monero Original,$4.28,$5.83,-26.5866209262436
AirSwap,$0.177345,$0.243464,-27.1576085170703
Goodomy,$0.004465,$0.006139,-27.2682847369278
Monster Byte,$0.046613,$0.064230,-27.4279931496186
Shivom,$0.024365,$0.033652,-27.5971710448116
Sphre AIR ,$0.078496,$0.108507,-27.6581234390408
LATOKEN,$0.131106,$0.181674,-27.8344727368803
Freyrchain,$0.013554,$0.018795,-27.8850758180367
Myriad,$0.004865,$0.006776,-28.202479338843
Ivy,$0.119988,$0.167169,-28.2235342677171
WeTrust,$0.049876,$0.069554,-28.2916870345343
CryptoPing,$0.230050,$0.321390,-28.4202993248079
Digital Money...,$0.003747,$0.005237,-28.4514034752721
TokenClub,$0.052638,$0.073574,-28.455704460815
IPChain,$0.503711,$0.704968,-28.5483880119381
Paymon,$0.003001,$0.004210,-28.7173396674584
IoT Chain,$0.629677,$0.885081,-28.8565679299409
Fargocoin,$4.21,$5.93,-29.0050590219224
ExchangeN,$0.013147,$0.018585,-29.2601560398171
Wanchain,$2.96,$4.20,-29.5238095238095
Novacoin,$2.95,$4.21,-29.9287410926366
Libra Credit,$0.160475,$0.229205,-29.9862568443097
Kolion,$1.07,$1.54,-30.5194805194805
BERNcash,$0.002116,$0.003050,-30.6229508196721
IOST,$0.026617,$0.038403,-30.6903106528136
Helbiz,$0.010098,$0.014624,-30.949124726477
WavesGo,$0.028321,$0.041025,-30.9664838513102
BlazerCoin,$0.002301,$0.003344,-31.1901913875598
Soarcoin,$0.018209,$0.026501,-31.2893853062149
YOYOW,$0.075201,$0.109680,-31.4359956236324
Genaro Network,$0.209841,$0.306237,-31.4775810891564
Blockpool,$0.114551,$0.167543,-31.6288952686773
ARbit,$0.002958,$0.004331,-31.7016855229739
DeepBrain Chain,$0.060179,$0.088285,-31.8355326499405
Morpheus Network,$0.430402,$0.634073,-32.1210649247011
SmartMesh,$0.034188,$0.050381,-32.141084932812
Local World F...,$0.052853,$0.077983,-32.2249721093059
Qwark,$0.056630,$0.083606,-32.265626868885
Penta,$0.017327,$0.025653,-32.4562429345496
Change,$0.137431,$0.203661,-32.5197264080997
Adzcoin,$0.018371,$0.027252,-32.5884338764127
Creativecoin,$0.092188,$0.136952,-32.6859045504994
MACRON,$0.000197,$0.000293,-32.7645051194539
Cortex,$0.856745,$1.28,-33.066796875
BitcoinZ,$0.001744,$0.002613,-33.2567929582855
Etheroll,$1.18,$1.77,-33.3333333333333
Melon,$34.06,$51.29,-33.5932930395789
Ergo,$3.87,$5.83,-33.6192109777015
Phantomx,$0.010597,$0.016006,-33.7935774084718
Energo,$0.021024,$0.031756,-33.7951883108704
Curecoin,$0.198483,$0.301337,-34.1325492720774
All Sports,$0.126282,$0.192273,-34.3215116006928
Oxycoin,$0.086759,$0.132758,-34.6487593967972
PolicyPal Net...,$0.024450,$0.037418,-34.6571168956117
Shopin,$0.017545,$0.026881,-34.7308507868011
CGC Token,$0.115992,$0.178048,-34.8535226455787
Blocklancer,$0.006452,$0.009908,-34.8809043197416
BlockMesh,$0.014396,$0.022116,-34.9068547657804
aelf,$0.676078,$1.04,-34.9925
Super Game Chain,$0.002098,$0.003240,-35.2469135802469
Neumark,$0.323379,$0.500322,-35.3658244090805
BitTube,$0.119950,$0.186414,-35.6539744868948
DATx,$0.016692,$0.025992,-35.7802400738689
Nimiq Exchang...,$0.552876,$0.862866,-35.9256246045156
Elcoin,$0.052860,$0.082811,-36.1679003997054
Stealth,$0.197760,$0.310197,-36.2469656379656
Flash,$0.008929,$0.014054,-36.4664864095631
PHI Token,$0.288379,$0.455289,-36.6602311938132
Datarius Credit,$0.007401,$0.011712,-36.8084016393443
Cybereits,$0.017421,$0.027635,-36.9603763343586
NobleCoin,$0.000592,$0.000941,-37.0882040382572
FundYourselfNow,$0.774485,$1.24,-37.5415322580645
TE-FOOD,$0.017014,$0.027252,-37.567884925877
VoteCoin,$0.009010,$0.014448,-37.6384274640089
Molecular Future,$0.271794,$0.436537,-37.7386109310322
Quantum,$0.150558,$0.242989,-38.0391704974299
Gifto,$0.156018,$0.252751,-38.2720543143252
Stellite,$0.000592,$0.000960,-38.3333333333333
Advanced Tech...,$0.027986,$0.045424,-38.3893976752378
Open Platform,$0.148652,$0.241695,-38.4960383954985
Eximchain,$0.545357,$0.891088,-38.7987493939992
Primulon,$0.000263,$0.000430,-38.8372093023256
AC3,$0.224776,$0.369092,-39.1002785213443
ICO OpenLedger,$0.619754,$1.02,-39.2398039215686
Guaranteed Et...,$0.024453,$0.040264,-39.2683290284125
InsurChain,$0.001256,$0.002069,-39.2943450942484
Loki,$0.439826,$0.725063,-39.3396160057816
0xBitcoin,$1.49,$2.47,-39.6761133603239
AirToken,$0.006552,$0.010871,-39.7295556986478
AMLT,$0.032221,$0.053483,-39.7546884056616
Ethereum Gold,$0.015419,$0.025761,-40.1459570668841
Eternity,$0.024043,$0.040262,-40.2836421439571
OctoCoin,$0.002328,$0.003910,-40.460358056266
Quantstamp,$0.101207,$0.170454,-40.625036666784
REAL,$0.309082,$0.521565,-40.7395051431749
GXChain,$3.57,$6.04,-40.8940397350993
ProChain,$0.281963,$0.477658,-40.9696896105582
Rock,$0.101398,$0.172414,-41.1892305729233
EquiTrader,$0.063699,$0.109125,-41.6274914089347
LBRY Credits,$0.117281,$0.201223,-41.715907227305
Russian Miner...,$5258.98,$9038.27,-41.8143073840458
Raiden Networ...,$0.828655,$1.43,-42.0520979020979
Elysium,$0.005193,$0.008965,-42.0747350808701
Indicoin,$0.019064,$0.032944,-42.1321029626032
Mineum,$0.017486,$0.030271,-42.2351425456708
ContractNet,$0.510145,$0.897919,-43.1858552942972
Phoenixcoin,$0.006114,$0.010791,-43.341673616903
Monero Classic,$4.32,$7.64,-43.455497382199
Electrify.Asia,$0.045713,$0.081215,-43.7135997044881
Jiyo,$0.042317,$0.075389,-43.8684688747695
Everex,$0.802317,$1.43,-43.8939160839161
Uquid Coin,$1.02,$1.82,-43.956043956044
MIRQ,$0.377858,$0.675058,-44.02584666799
Viberate,$0.095273,$0.170344,-44.0702343493167
Signals Network,$0.014130,$0.025336,-44.229554783707
Opus,$0.026295,$0.047187,-44.2749062241719
Concoin,$0.007100,$0.012743,-44.2831358392843
Datawallet,$0.060020,$0.107795,-44.3202374878241
Modum,$1.20,$2.16,-44.4444444444444
TrueFlip,$0.722159,$1.30,-44.4493076923077
Digital Rupees,$0.000131,$0.000236,-44.4915254237288
Polybius,$3.58,$6.45,-44.4961240310078
Open Trading ...,$1.34,$2.42,-44.6280991735537
Senderon,$0.005325,$0.009632,-44.7155315614618
ALIS,$0.128087,$0.231745,-44.7293361237567
Golos,$0.045056,$0.081563,-44.759265843581
Vipstar Coin,$0.000394,$0.000717,-45.0488145048815
QASH,$0.384644,$0.702618,-45.2556011943901
Tokia,$0.080930,$0.148128,-45.3648196154677
Pixie Coin,$0.002183,$0.004011,-45.5746696584393
SRCOIN,$0.001392,$0.002563,-45.6886461178307
Arcblock,$0.632989,$1.17,-45.8983760683761
Kyber Network,$0.993455,$1.84,-46.0078804347826
Fluz Fluz,$0.031677,$0.059108,-46.4082696081749
Ties.DB,$0.063922,$0.119578,-46.5436786030875
ICOBID,$0.000263,$0.000493,-46.6531440162272
Remme,$0.014276,$0.026808,-46.7472396299612
Ellaism,$0.113251,$0.213035,-46.8392517661417
Destiny,$0.011320,$0.021296,-46.8444778362134
ConnectJob,$0.046803,$0.088115,-46.8841854394825
eBitcoin,$0.063825,$0.120319,-46.9535152386572
FundRequest,$0.102838,$0.194166,-47.0360413254638
Patron,$0.035936,$0.067974,-47.1327272192309
Pareto Network,$0.030264,$0.057261,-47.1472730130455
Electronic PK...,$0.072520,$0.137274,-47.1713507291985
Ammo Reloaded,$0.002166,$0.004106,-47.2479298587433
Growers Inter...,$0.428804,$0.815419,-47.4130477705327
KickCoin,$0.048364,$0.092000,-47.4304347826087
DAEX,$0.100312,$0.191916,-47.7312991100273
MyToken,$0.016954,$0.032509,-47.8482881663539
Pascal Lite,$0.026032,$0.050338,-48.2855894155509
Marscoin,$0.007100,$0.013732,-48.29595106321
Bluzelle,$0.289001,$0.559343,-48.3320610072889
Rivetz,$0.278510,$0.540361,-48.4585305009059
Grimcoin,$0.000696,$0.001351,-48.4826054774241
NKN,$0.250136,$0.486383,-48.5722157230002
Naviaddress,$0.011596,$0.022552,-48.5810571124512
Aphelion,$0.209154,$0.407100,-48.623434045689
Phantasma,$0.250376,$0.488622,-48.7587542108215
Plancoin,$0.131841,$0.258673,-49.0317891701105
SophiaTX,$0.217905,$0.428788,-49.1811804434826
United Crypto...,$1.10,$2.17,-49.3087557603687
Datum,$0.018499,$0.036529,-49.358044293575
Elite,$0.000080,$0.000158,-49.3670886075949
Crowd Machine,$0.050825,$0.100429,-49.3921078572922
Hero,$0.163914,$0.324007,-49.4103522454762
EtherSportz,$0.212244,$0.420547,-49.5314435722999
Honey,$0.120371,$0.239017,-49.6391470062799
CommerceBlock,$0.031059,$0.061726,-49.682467679746
Sociall,$0.123014,$0.245394,-49.8708199874488
Rublix,$0.230493,$0.460331,-49.9288555409043
Travala,$0.154317,$0.309146,-50.0828087699663
Dero,$2.00,$4.01,-50.1246882793017
Aseancoin,$0.006705,$0.013448,-50.1412849494349
Argus,$0.010530,$0.021191,-50.3090934830824
SportyCo,$0.080337,$0.161755,-50.3341473215666
Ultimate Secu...,$0.019130,$0.038910,-50.8352608583912
Grid+,$0.341152,$0.699839,-51.2527881412725
FlutterCoin,$0.001315,$0.002698,-51.2601927353595
RED,$0.079226,$0.162649,-51.2902015997639
Bitsum,$0.000329,$0.000677,-51.4032496307238
Matrix AI Net...,$0.544031,$1.12,-51.4258035714286
Monkey Project,$2.75,$5.67,-51.4991181657848
POA Network,$0.227930,$0.469963,-51.5004372684658
Fidelium,$0.082172,$0.169728,-51.5860671191554
SPINDLE,$0.013610,$0.028120,-51.6002844950213
Leviar,$0.031817,$0.065775,-51.6275180539719
Elastos,$30.27,$62.61,-51.6530905606133
ToaCoin,$0.002339,$0.004840,-51.6735537190083
Nebula AI,$0.006925,$0.014386,-51.8629222855554
Bezant,$0.091585,$0.190405,-51.899897586723
Ink,$0.080559,$0.168212,-52.1086486100873
Dascoin,$0.073654,$0.154031,-52.1823529029871
ValueChain,$0.039964,$0.083625,-52.2104633781764
Infinity Econ...,$0.008583,$0.018047,-52.4408488945531
Zayedcoin,$0.005944,$0.012500,-52.448
Bottos,$0.124915,$0.263163,-52.5332208555154
Eidoo,$1.07,$2.26,-52.6548672566372
Cream,$0.010869,$0.022966,-52.6735173735087
KingN Coin,$12.82,$27.09,-52.6762643041713
Embers,$0.011241,$0.023935,-53.035303948193
Tigereum,$0.059340,$0.126361,-53.0393080143399
Morpheus Labs,$0.037675,$0.080367,-53.1213060086852
PolySwarm,$0.004257,$0.009146,-53.4550623223267
SureRemit,$0.019070,$0.040991,-53.4775926422873
Ruff,$0.064221,$0.138431,-53.6079346389176
Ecobit,$0.016306,$0.035181,-53.6511185014639
Slothcoin,$0.000006,$0.000013,-53.8461538461539
BoutsPro,$0.013046,$0.028389,-54.0455810349079
Nucleus Vision,$0.015073,$0.032877,-54.1533594914378
JavaScript Token,$0.004930,$0.010771,-54.2289481013833
AWARE,$0.024905,$0.054495,-54.2985595008716
Parkgene,$0.007488,$0.016393,-54.3219666931007
GlobalToken,$0.004681,$0.010252,-54.34061646508
Fabric Token,$0.049090,$0.107647,-54.3972428400234
Emphy,$0.099523,$0.218479,-54.4473381881096
Digitex Futures,$0.006462,$0.014201,-54.4961622420956
WETH,$481.15,$1075.51,-55.2630844901489
B2BX,$0.260487,$0.582986,-55.3184810612948
Roofs,$0.000263,$0.000591,-55.4991539763113
HelloGold,$0.010022,$0.022576,-55.6077250177179
Billionaire T...,$0.131475,$0.297575,-55.8178610434344
Runners,$0.000197,$0.000447,-55.9284116331096
Invacio,$0.055627,$0.126692,-56.0927288226565
Unibright,$0.062016,$0.141656,-56.2207036765121
PlayerCoin,$0.000460,$0.001051,-56.232159847764
Oceanlab,$0.011548,$0.026432,-56.3105326876513
Primalbase Token,$2411.75,$5535.32,-56.4297999031673
Ethbits,$1.18,$2.71,-56.4575645756458
StarCredits,$0.129700,$0.298262,-56.5147420724061
Restart Energ...,$0.025697,$0.059210,-56.6002364465462
Influence Chain,$0.221633,$0.513194,-56.8130180789331
Dock,$0.060180,$0.139450,-56.8447472212262
Proxeus,$0.088943,$0.206565,-56.9418827003607
Bezop,$0.098927,$0.231479,-57.2630778601947
Electroneum,$0.014319,$0.033554,-57.3255051558682
Indorse Token,$0.056021,$0.131426,-57.3744921096282
Jibrel Network,$0.239098,$0.562286,-57.4775114443539
EJOY,$0.004808,$0.011342,-57.6088873214601
Linker Coin,$0.042729,$0.101008,-57.6974101061302
OneRoot Network,$0.045653,$0.108139,-57.7830384967495
YEE,$0.012820,$0.030424,-57.8622140415462
THEKEY,$0.010546,$0.025140,-58.0509148766905
Skrumble Network,$0.033878,$0.080776,-58.0593245518471
TurboCoin,$0.000066,$0.000158,-58.2278481012658
BoostCoin,$0.010189,$0.024396,-58.2349565502541
Unikoin Gold,$0.088980,$0.213331,-58.2901687987212
Crypterium,$0.650694,$1.57,-58.5545222929936
Bitcoin Planet,$0.012819,$0.030974,-58.6136759863111
Education Eco...,$0.014159,$0.034340,-58.7682003494467
Centrality,$0.138048,$0.336131,-58.930298008812
RefToken,$2.74,$6.69,-59.0433482810164
Endor Protocol,$0.105510,$0.257901,-59.0889527376784
Zippie,$0.036410,$0.089183,-59.1738335781483
Filecoin [Fut...,$7.87,$19.28,-59.1804979253112
ShadowCash,$0.065832,$0.161941,-59.3481576623585
EventChain,$0.044634,$0.109932,-59.3985372775898
FuzeX,$0.033224,$0.081961,-59.4636473444687
Dollarcoin,$0.006245,$0.015439,-59.5504890213097
Minereum,$0.126048,$0.315513,-60.0498236205798
Game.com,$0.098225,$0.246876,-60.2128193911113
Origami,$0.203034,$0.511811,-60.3302781690898
Authorship,$0.009228,$0.023457,-60.65993093746
RSGPcoin,$9.85,$25.09,-60.7413312076525
Neurotoken,$0.162361,$0.414212,-60.8024393305843
Debitum,$0.030591,$0.078231,-60.8965755263259
Effect.AI,$0.027317,$0.070515,-61.2607246685103
Veros,$0.032288,$0.083403,-61.2867642650744
Nexo,$0.118880,$0.307091,-61.2883477535975
InvestDigital,$0.036082,$0.093749,-61.5121227959765
Haven Protocol,$1.38,$3.59,-61.5598885793872
Acute Angle C...,$0.073245,$0.192640,-61.9783014950166
Holo,$0.000690,$0.001815,-61.9834710743802
CryptoInsight,$0.019494,$0.051637,-62.248000464783
LePen,$0.000066,$0.000175,-62.2857142857143
TokenDesk,$0.176674,$0.470603,-62.4579528817283
AdHive,$0.032923,$0.087701,-62.4599491453917
StarChain,$0.052985,$0.141237,-62.4850428712023
WePower,$0.049872,$0.133520,-62.6482923906531
Zeepin,$0.044156,$0.118445,-62.7202499050192
Equal,$0.001865,$0.005033,-62.9445658652891
Oyster Shell,$0.043954,$0.120552,-63.5393854933971
JET8,$0.009816,$0.026928,-63.5472370766488
C-Bit,$0.000986,$0.002712,-63.6430678466077
Zeusshield,$0.012645,$0.034793,-63.6564826258155
Bank Coin,$0.023665,$0.066042,-64.1667423760637
Intelligent I...,$0.003377,$0.009426,-64.1735624867388
Sense,$0.017137,$0.047923,-64.2405525530539
Rhenium,$0.129042,$0.362683,-64.4201685769667
Verify,$0.127749,$0.359365,-64.4514629972312
DADI,$0.134133,$0.377761,-64.492628937344
TokenStars,$0.133437,$0.376444,-64.55329345135
CoinPoker,$0.036185,$0.102340,-64.6423685753371
BioCoin,$0.007788,$0.022090,-64.7442281575373
MARK.SPACE,$0.035287,$0.101003,-65.0634139580013
OST,$0.090106,$0.258186,-65.1003540083506
LEOcoin,$0.132801,$0.381849,-65.2215928285788
Polymath,$0.425930,$1.23,-65.3715447154472
Avoncoin,$0.000329,$0.000952,-65.4411764705882
TrustNote,$0.056245,$0.163044,-65.5031770565001
Cashaa,$0.049076,$0.142600,-65.5848527349229
Bitradio,$0.065702,$0.191493,-65.6896074530139
BitBar,$9.20,$26.84,-65.7228017883756
Mixin,$746.13,$2178.41,-65.7488718836215
Auctus,$0.247063,$0.729562,-66.1354346854688
NPER,$0.100337,$0.296317,-66.1386285633291
HarmonyCoin,$0.005355,$0.015889,-66.2974384794512
Playkey,$0.431023,$1.28,-66.326328125
Ace,$0.144467,$0.429470,-66.3615619251636
Masari,$0.416883,$1.24,-66.3804032258065
HOQU,$0.024980,$0.074742,-66.5783629017152
CRYPTO20,$1.19,$3.57,-66.6666666666667
SkinCoin,$0.012357,$0.037604,-67.1391341346665
SelfSell,$0.042449,$0.129258,-67.1594794906311
Sharechain,$0.001249,$0.003826,-67.3549398849974
Rimbit,$0.002589,$0.007949,-67.4298653918732
Bytecoin,$0.004367,$0.013411,-67.4371784356126
EZToken,$0.367745,$1.13,-67.4561946902655
Sether,$0.212913,$0.657981,-67.6414668508665
MediBloc,$0.008314,$0.025737,-67.6963127015581
Gladius Token,$0.367279,$1.14,-67.7825438596491
Apex,$0.073737,$0.230199,-67.9681492969127
SnipCoin,$0.000512,$0.001601,-68.0199875078076
Antimatter,$0.000131,$0.000410,-68.0487804878049
adToken,$0.019512,$0.061118,-68.0748715599332
Peerplays,$3.24,$10.17,-68.141592920354
Trade Token,$0.474326,$1.49,-68.1660402684564
Global Social...,$0.069686,$0.221020,-68.4707266310741
Sexcoin,$0.014315,$0.045608,-68.6129626381337
OriginTrail,$0.134642,$0.432256,-68.8513288421676
AdCoin,$0.041664,$0.134747,-69.0798310908592
Live Stars,$0.024519,$0.079299,-69.0803162713275
Dether,$0.048042,$0.155769,-69.1581765306319
Aventus,$0.830399,$2.70,-69.2444814814815
Global Tour Coin,$0.002892,$0.009467,-69.4517798669061
SportsCoin,$0.001153,$0.003793,-69.6018982335882
CryCash,$0.205710,$0.679839,-69.7413652350042
Rentberry,$0.025151,$0.083131,-69.7453416896224
Loopring [NEO],$0.809617,$2.68,-69.7904104477612
adbank,$0.010981,$0.036397,-69.8299310382724
Dutch Coin,$0.000263,$0.000874,-69.908466819222
Budbo,$0.023365,$0.077850,-69.9871547848427
Tierion,$0.052094,$0.173644,-69.9995392872774
BitDice,$0.052590,$0.175950,-70.1108269394714
BelugaPay,$0.150299,$0.503017,-70.1204929455665
NEO GOLD,$0.000986,$0.003325,-70.3458646616541
UpToken,$0.065662,$0.224325,-70.7290761172406
iCoin,$0.005975,$0.020417,-70.7351716706666
Kcash,$0.085153,$0.291488,-70.7867905368317
BlockCAT,$0.341076,$1.17,-70.8482051282051
Sharder,$0.026728,$0.091938,-70.9282342448172
Quotient,$0.003067,$0.010574,-70.9948931341025
QLINK,$0.075066,$0.259133,-71.0318639463133
FLiK,$0.012424,$0.042974,-71.0894959743101
Zilla,$0.097510,$0.338930,-71.2300475024341
Elastic,$0.177090,$0.616683,-71.2834633028639
MOAC,$4.02,$14.09,-71.4691270404542
Lendingblock,$0.008982,$0.031511,-71.4956681793659
Bitcoin Gold,$34.59,$121.46,-71.5214885559032
NuBits,$0.287247,$1.01,-71.559702970297
CoinonatX,$0.007606,$0.026810,-71.6299888101455
Zebi,$0.060905,$0.215155,-71.6925007552695
Axiom,$0.008480,$0.030133,-71.8580957753957
Refereum,$0.005905,$0.020998,-71.8782741213449
Voise,$0.005213,$0.018582,-71.9459692175223
1World,$0.086535,$0.308740,-71.9715618319622
Travelflex,$0.050332,$0.181199,-72.2228047616157
SecureCoin,$0.019984,$0.072160,-72.3059866962306
DAOstack,$0.283481,$1.03,-72.477572815534
Octanox,$0.023008,$0.083653,-72.4959057057129
BlockPay,$0.051466,$0.187386,-72.5347678054924
Alphacat,$0.004987,$0.018169,-72.552149265232
Bread,$0.424948,$1.55,-72.584
Wild Crypto,$0.027354,$0.099988,-72.6427171260551
Ink Protocol,$0.026404,$0.096576,-72.6598740888005
Hi Mutual Soc...,$0.026321,$0.096499,-72.7240696794785
WorldCoin,$0.007494,$0.027640,-72.8871201157742
Rubies,$0.010652,$0.039423,-72.9802399614438
Banyan Network,$0.039350,$0.145677,-72.9881861927415
LinkEye,$0.040305,$0.149773,-73.0892751029892
Cube,$0.006236,$0.023255,-73.1842614491507
IDEX Membership,$2608.35,$9727.71,-73.1863922752631
Pabyosi Coin ...,$0.054896,$0.205227,-73.2510829471756
Chainium,$0.025425,$0.095213,-73.2967136840558
VIVO,$0.543831,$2.05,-73.4716585365854
Agrello,$0.117445,$0.443881,-73.541332023673
Hydro Protocol,$0.039877,$0.151209,-73.6278925196252
UTRUST,$0.075086,$0.286304,-73.7740304012518
ATLANT,$0.069927,$0.267731,-73.8816199842379
Linx,$0.032014,$0.122787,-73.9272072776434
Medicalchain,$0.077429,$0.297169,-73.9444558483556
PressOne,$0.268932,$1.04,-74.1411538461539
Worldcore,$0.026526,$0.102792,-74.1944898435676
Blockport,$0.180503,$0.699802,-74.2065612844776
ICOS,$13.11,$50.89,-74.2385537433681
Xenon,$0.005677,$0.022082,-74.2912779639525
GoByte,$2.97,$11.56,-74.3079584775087
SyncFab,$0.012987,$0.050662,-74.3654020765071
Kronecoin,$0.004339,$0.017007,-74.486975951079
DMarket,$0.225130,$0.883340,-74.5137772545113
Suretly,$2.20,$8.65,-74.5664739884393
Hacken,$1.60,$6.32,-74.6835443037975
T-coin,$0.000131,$0.000518,-74.7104247104247
BlockCDN,$0.020517,$0.081404,-74.7960788167658
Iungo,$0.059945,$0.238035,-74.816728632344
CargoX,$0.038485,$0.152869,-74.8248500349973
MicroMoney,$0.121096,$0.481287,-74.8391292513615
DomRaider,$0.012429,$0.049529,-74.905610854247
NAGA,$0.391091,$1.56,-74.9300641025641
Covesting,$0.580655,$2.32,-74.9717672413793
Bitcoin Interest,$4.32,$17.28,-75
Internet of P...,$1.02,$4.11,-75.1824817518248
RealChain,$0.028402,$0.114724,-75.2431923573097
ACChain,$0.254995,$1.03,-75.2432038834951
Experty,$0.112892,$0.458804,-75.3942860131996
Wild Beast Block,$0.060478,$0.246716,-75.4867945329853
Aurora DAO,$0.134049,$0.550936,-75.6688617189655
Noah Coin,$0.005477,$0.022516,-75.6750755018653
DeusCoin,$0.053521,$0.220487,-75.7260065219265
Universa,$0.012623,$0.052018,-75.7333999769311
Cashcoin,$0.007888,$0.032731,-75.9005224404998
Pure,$0.131737,$0.556173,-76.3136649927271
Bolenum,$0.004273,$0.018057,-76.3360469623969
BrahmaOS,$0.031186,$0.132157,-76.4023093744562
COPYTRACK,$0.082201,$0.349149,-76.4567562845662
Gems ,$0.010987,$0.046740,-76.4933675652546
8Bit,$0.110241,$0.469875,-76.5382282521947
ClearCoin,$0.002114,$0.009018,-76.5579951208694
The ChampCoin,$0.044504,$0.192021,-76.823368277428
Devery,$0.070463,$0.304401,-76.8519157295804
Mercury Protocol,$0.009007,$0.038926,-76.8612238606587
Bitcoin Private,$14.18,$61.68,-77.0103761348898
Feathercoin,$0.091927,$0.400646,-77.0553056813247
ATN,$0.279770,$1.22,-77.0680327868852
Nekonium,$0.015120,$0.066267,-77.1832133641179
REBL,$0.043091,$0.188976,-77.1976335619338
BriaCoin,$0.380600,$1.67,-77.2095808383233
Paragon,$0.090240,$0.396278,-77.2281075406659
Stox,$0.286471,$1.26,-77.2642063492064
TopChain,$0.024273,$0.107510,-77.4225653427588
VeriME,$0.026872,$0.120117,-77.6284788997394
LiteBar,$0.188732,$0.850152,-77.8002051397868
Jingtum Tech,$0.005692,$0.025666,-77.8228005922232
HEROcoin,$0.023932,$0.108518,-77.9465157853997
SALT,$1.21,$5.50,-78
CPChain,$0.082665,$0.376349,-78.0350153713707
DraftCoin,$0.115382,$0.525320,-78.0358638544126
FairGame,$0.023752,$0.108189,-78.0458272097903
Legends Room,$0.338757,$1.55,-78.1447096774194
WaBi,$0.467880,$2.15,-78.2381395348837
Luna Coin,$0.019217,$0.088401,-78.2615581271705
BitStation,$0.001167,$0.005370,-78.268156424581
Starbase,$0.019494,$0.090023,-78.3455339191096
Ethereum Lite,$0.263607,$1.22,-78.392868852459
BitAsean,$0.010235,$0.047380,-78.3980582524272
Leverj,$0.058142,$0.271363,-78.574087108412
Transcodium,$0.026336,$0.122952,-78.5802589628473
LightChain,$0.000961,$0.004488,-78.5873440285205
OceanChain,$0.002882,$0.013598,-78.8057067215767
Ulatech,$0.013016,$0.061561,-78.8567437176134
FintruX Network,$0.058881,$0.280232,-78.9884809729082
Curriculum Vitae,$0.009893,$0.047314,-79.0907553789576
Zennies,$0.000473,$0.002269,-79.1538122520934
B3Coin,$0.004067,$0.019627,-79.2785448616702
WINCOIN,$0.326299,$1.58,-79.348164556962
High Performa...,$2.43,$11.78,-79.3718166383701
Moeda Loyalty...,$0.560944,$2.72,-79.3770588235294
ShareX,$0.011049,$0.053702,-79.4253472868794
bitJob,$0.017380,$0.084771,-79.4977055832773
Bloom,$0.260323,$1.28,-79.662265625
aXpire,$0.025531,$0.126676,-79.8454324418201
SIRIN LABS Token,$0.200982,$0.998913,-79.8799294833484
Monetha,$0.050679,$0.255717,-80.1816070108753
Eroscoin,$0.027383,$0.140089,-80.453140503537
Read,$0.010646,$0.054940,-80.6224972697488
UnlimitedIP,$0.022438,$0.115854,-80.632520240993
ugChain,$0.024248,$0.127396,-80.9664353668875
Bounty0x,$0.032239,$0.169402,-80.9689377929422
WandX,$0.090426,$0.476772,-81.0337016435529
Philosopher S...,$0.033071,$0.174646,-81.0639808526963
U.CASH,$0.002707,$0.014403,-81.2053044504617
Qube,$0.022302,$0.118690,-81.2098744628865
StarterCoin,$0.007587,$0.040410,-81.2249443207127
Bowhead,$0.073231,$0.390657,-81.2543996395815
GreenMed,$0.036037,$0.193525,-81.3786332515179
SONM,$0.127356,$0.684983,-81.4074217900298
BuzzCoin,$0.000198,$0.001076,-81.5985130111524
BitcoinX,$0.014894,$0.081220,-81.6621521792662
Lightning Bit...,$25.44,$138.74,-81.6635433184374
Candy,$0.000261,$0.001433,-81.7864619678995
QunQun,$0.021617,$0.119545,-81.9172696474131
DATA,$0.008209,$0.045582,-81.9906980825765
RevolutionVR,$0.052299,$0.290515,-81.9978314372752
onG.social,$0.034109,$0.190585,-82.1029986620143
ImpulseCoin,$0.000986,$0.005511,-82.1085102522228
AICHAIN,$0.021033,$0.117667,-82.1249798159212
Cheapcoin,$0.000337,$0.001890,-82.1693121693122
Obsidian,$0.062640,$0.352585,-82.2340712168697
Joulecoin,$0.008546,$0.048129,-82.2435537825428
Musiconomi,$0.028793,$0.162206,-82.2491153224912
Maggie,$0.011466,$0.065274,-82.4340472469896
Insights Network,$0.025313,$0.144217,-82.4479777002711
Polcoin,$0.001315,$0.007512,-82.4946751863685
WAX,$0.128753,$0.738348,-82.5620168267538
ChanCoin,$0.014199,$0.081776,-82.6367149285854
MiloCoin,$0.002311,$0.013310,-82.6371149511645
Envion,$0.151168,$0.872603,-82.6761998297049
Blox,$0.029643,$0.171627,-82.7282420598158
Fortuna,$0.035122,$0.203748,-82.7620393819817
Accelerator N...,$0.785176,$4.56,-82.7812280701754
Bitcoin Scrypt,$0.020181,$0.117310,-82.7968630125309
Speed Mining ...,$9.60,$55.83,-82.8049435787211
HalalChain,$0.073664,$0.431467,-82.9270836471851
MktCoin,$0.004622,$0.027099,-82.9440200745415
GoldMaxCoin,$0.000375,$0.002211,-83.0393487109905
DEW,$0.467686,$2.76,-83.0548550724638
Tigercoin,$0.005128,$0.030312,-83.0826075481657
EchoLink,$0.028031,$0.165983,-83.1121259406084
AidCoin,$0.104448,$0.618661,-83.1170867405574
Earth Token,$0.004094,$0.024261,-83.1251803305717
CoinFi,$0.028144,$0.167214,-83.1688734196897
Matryx,$0.267278,$1.59,-83.1900628930817
Jewels,$0.002039,$0.012185,-83.2663110381617
StockChain,$0.004542,$0.027338,-83.3857634062477
Chronologic,$2.03,$12.23,-83.4014717906787
GoldMint,$0.623331,$3.76,-83.4220478723404
Show,$0.002418,$0.014593,-83.4304118412938
Tidex Token,$0.110097,$0.664579,-83.4335722314428
SagaCoin,$0.193119,$1.17,-83.4941025641026
Magnet,$0.039318,$0.238932,-83.5442720104465
Huncoin,$0.000855,$0.005208,-83.5829493087558
DAO.Casino,$0.023881,$0.146092,-83.6534512498973
SwftCoin,$0.008002,$0.049030,-83.679379971446
Internet Node...,$0.150006,$0.919243,-83.681572772379
Amon,$0.008181,$0.050256,-83.7213467048711
SwissBorg,$0.015658,$0.096222,-83.72721415061
Maverick Chain,$0.020055,$0.124335,-83.8701894076487
TagCoin,$0.048084,$0.298327,-83.8821159331874
Olympus Labs,$0.241834,$1.51,-83.9845033112583
Pylon Network,$4.53,$28.30,-83.9929328621908
LiteCoin Ultra,$0.019656,$0.122905,-84.0071600016273
India Coin,$0.000066,$0.000414,-84.0579710144928
Bulwark,$0.738162,$4.66,-84.1596137339056
LiteBitcoin,$0.001648,$0.010446,-84.2236262684281
Marijuanacoin,$0.029253,$0.187136,-84.3680531805746
Block Array,$0.059171,$0.381016,-84.4702059756021
Hackspace Cap...,$0.009770,$0.063415,-84.5935504218245
Deutsche eMark,$0.026295,$0.170861,-84.6102972591756
Cofound.it,$0.042131,$0.274039,-84.6259109104908
MobileGo,$0.225909,$1.47,-84.6320408163265
Francs,$0.015548,$0.102264,-84.7962137213487
Trinity Netwo...,$0.050940,$0.336916,-84.8805043393606
EthBet,$0.036214,$0.240243,-84.9260956614761
Zcash,$196.97,$1308.30,-84.9445845754032
CoinMeet,$0.030988,$0.206128,-84.9666226810526
Animation Vis...,$0.005319,$0.035421,-84.9834843736766
ChatCoin,$0.048440,$0.322848,-84.996035285955
Bonpay,$0.198614,$1.33,-85.0666165413534
Hyper Pay,$0.016272,$0.109777,-85.177222915547
OFCOIN,$0.001001,$0.006777,-85.2294525601299
Target Coin,$0.004602,$0.031184,-85.2424320164187
ENTCash,$0.024932,$0.169107,-85.2566718113384
Centurion,$0.004853,$0.032974,-85.2823436647055
EncryptoTel [...,$0.048924,$0.333969,-85.3507361461693
Ccore,$0.134155,$0.921137,-85.4359340684393
Lampix,$0.015783,$0.108415,-85.4420513766545
BigONE Token,$1.22,$8.46,-85.5791962174941
WhaleCoin,$0.047988,$0.333612,-85.6156253372181
NetCoin,$0.000657,$0.004573,-85.6330636343757
Terracoin,$0.094031,$0.654561,-85.6344939585463
Dreamcoin,$0.009752,$0.067990,-85.6567142226798
CryptopiaFeeS...,$1176.71,$8212.40,-85.6715454678291
Nitro,$0.124887,$0.878176,-85.7788188244725
Riecoin,$0.056666,$0.402534,-85.9226798233193
Metaverse ETP,$0.730421,$5.19,-85.9263776493256
eREAL,$0.000295,$0.002112,-86.032196969697
Mincoin,$0.023278,$0.166895,-86.0523083375775
Project-X,$47968.80,"$344,311",-86.0681767355676
STK,$0.036766,$0.264029,-86.075014487045
Hshare,$5.64,$40.68,-86.1356932153392
TrakInvest,$0.016240,$0.117848,-86.2195370307515
Spectre.ai Di...,$0.258368,$1.88,-86.2570212765958
Tokugawa,$0.129963,$0.950784,-86.3309647617125
Tokenbox,$0.170658,$1.26,-86.4557142857143
Masternodecoin,$0.015448,$0.114353,-86.4909534511556
Dalecoin,$0.182158,$1.35,-86.5068148148148
Global Jobcoin,$0.049669,$0.368809,-86.5325954626921
Cryptopay,$0.034115,$0.253725,-86.5543403290965
AI Doctor,$0.022801,$0.170929,-86.6605432665025
Dragon Coins,$0.259326,$1.95,-86.7012307692308
Helleniccoin,$0.002173,$0.016389,-86.7411068399536
CFun,$0.009970,$0.078189,-87.2488457455652
BOScoin,$0.098938,$0.780776,-87.3282477945019
Mobius,$0.049252,$0.389359,-87.3504914487658
Intelligent T...,$0.038294,$0.303594,-87.3864437373598
carVertical,$0.001751,$0.013925,-87.4254937163375
PosEx,$0.005729,$0.045843,-87.5029993674061
Telcoin,$0.001222,$0.009894,-87.649080250657
Quebecoin,$0.005916,$0.048206,-87.7276687549268
Odyssey,$0.011527,$0.094402,-87.7894536132709
Bee Token,$0.032147,$0.264006,-87.823382801906
NumusCash,$0.000131,$0.001087,-87.9484820607176
Selfkey,$0.005991,$0.049827,-87.9763983382503
Karma,$0.009682,$0.080736,-88.0078279825604
SIGMAcoin,$0.009747,$0.082117,-88.1303505973185
HoboNickels,$0.007428,$0.062853,-88.1819483556871
Bitcoin God,$17.67,$149.72,-88.1979695431472
Vault Coin,$0.000131,$0.001115,-88.2511210762332
ShipChain,$0.035378,$0.307647,-88.5004566922479
XTD Coin,$0.000066,$0.000574,-88.5017421602788
SingularityNET,$0.125580,$1.12,-88.7875
Farad,$0.006574,$0.059890,-89.0232092168976
INS Ecosystem,$0.742992,$6.84,-89.1375438596491
Blakecoin,$0.013279,$0.123417,-89.2405422267597
MAZA,$0.000592,$0.005546,-89.3256401009737
Commodity Ad ...,$0.036057,$0.337801,-89.3259641031258
COMSA [ETH],$0.344765,$3.23,-89.3261609907121
GameChain System,$0.005715,$0.054444,-89.5029755344942
SpeedCash,$0.329344,$3.15,-89.5446349206349
RedCoin,$0.001578,$0.015157,-89.5889687932968
RouletteToken,$0.047528,$0.457944,-89.6214384291529
COMSA [XEM],$0.352674,$3.40,-89.6272352941176
Ethereum Dark,$0.042729,$0.416210,-89.7337882319022
Omni,$18.66,$184.96,-89.9113321799308
Gapcoin,$0.015251,$0.152416,-89.9938326684863
LOCIcoin,$0.049774,$0.498093,-90.0070870299322
YENTEN,$0.012266,$0.124813,-90.1724980570934
WA Space,$0.003747,$0.038327,-90.2236021603569
ATBCoin,$0.123918,$1.27,-90.2426771653543
PLNcoin,$0.001016,$0.010425,-90.2541966426859
DigitalDevelo...,$0.027292,$0.281043,-90.2890305042289
Shadow Token,$0.007691,$0.080941,-90.4980170741651
SONO,$0.543056,$5.73,-90.5225828970332
Pirate Blocks,$0.001054,$0.011141,-90.5394488825061
Startcoin,$0.008561,$0.090991,-90.5913771691706
KlondikeCoin,$0.009598,$0.103843,-90.7572007742457
Cloud,$0.039258,$0.427371,-90.8140702106601
Profile Utili...,$0.119537,$1.31,-90.8750381679389
AppCoins,$0.231153,$2.59,-91.0751737451738
NamoCoin,$0.000131,$0.001474,-91.112618724559
bitqy,$0.004043,$0.045750,-91.1628415300546
WomenCoin,$0.000263,$0.002981,-91.1774572291177
Trident Group,$0.047770,$0.542107,-91.1880864847715
GET Protocol,$0.521530,$5.94,-91.2200336700337
United Trader...,$0.196496,$2.24,-91.2278571428572
Mysterium,$0.198547,$2.27,-91.253436123348
Coinlancer,$0.023622,$0.271110,-91.2869315038176
Leadcoin,$0.005141,$0.059386,-91.3430774930118
CarTaxi Token,$0.005305,$0.061640,-91.3935756002596
Neuro,$0.001775,$0.020816,-91.4729054573405
ATMChain,$0.002196,$0.025906,-91.5231992588589
Galactrum,$1.35,$15.96,-91.5413533834586
EDRCoin,$0.076051,$0.901527,-91.5642016267954
Sharkcoin,$0.003004,$0.035672,-91.5788293339314
CORION,$0.065737,$0.785629,-91.6325644801809
CasinoCoin,$0.000395,$0.004757,-91.696447340761
MSD,$0.004142,$0.050427,-91.7861463105083
iQuant,$0.042612,$0.523124,-91.8543213463729
InsurePal,$0.031877,$0.394195,-91.9133931176195
UR,$0.000788,$0.009771,-91.9353188005322
Polis,$3.55,$44.32,-91.9900722021661
HunterCoin,$0.061530,$0.782560,-92.1373441014108
FUNCoin,$0.011630,$0.148229,-92.1540319370703
Visio,$0.001229,$0.015682,-92.1629894146155
NEVERDIE,$0.019702,$0.253281,-92.2212878186678
Bankex,$0.208747,$2.69,-92.2398884758364
Measurable Da...,$0.032356,$0.419330,-92.2838814299001
HODL Bucks,$0.034446,$0.449067,-92.329429684212
GrandCoin,$0.000131,$0.001716,-92.3659673659674
Desire,$0.037223,$0.490069,-92.4045389526781
Shekel,$0.008152,$0.108861,-92.5115514279678
High Gain,$0.000197,$0.002651,-92.5688419464353
Wi Coin,$0.000723,$0.009792,-92.6164215686275
TOKYO,$0.001071,$0.015242,-92.9733630757119
Lamden,$0.077955,$1.13,-93.1013274336283
Ignition,$2.49,$36.28,-93.1367144432194
Ethorse,$0.016570,$0.243093,-93.1836786744168
FinCoin,$0.008151,$0.120920,-93.2591796228912
PlusCoin,$0.000047,$0.000701,-93.2952924393723
Virta Unique ...,$0.000775,$0.011725,-93.3901918976546
ArbitrageCT,$0.005548,$0.083938,-93.3903595510973
Zap,$0.067790,$1.03,-93.4184466019418
Nyancoin,$0.000986,$0.015250,-93.5344262295082
PiplCoin,$0.005144,$0.079848,-93.5577597435127
42-coin,$21616.70,"$338,190",-93.6081196960289
indaHash,$0.020399,$0.322412,-93.673002245574
SmartCoin,$0.008989,$0.142585,-93.6956902900025
SpaceChain,$0.025217,$0.401479,-93.7189740932901
Gatcoin,$0.004731,$0.076618,-93.8252107859772
Spectre.ai Ut...,$0.119418,$1.95,-93.876
Jetcoin,$0.052345,$0.890309,-94.1205806074071
SISA,$0.006574,$0.112107,-94.1359593959342
BitClave,$0.014243,$0.246960,-94.2326692581795
ProCurrency,$0.004865,$0.085312,-94.2974024756189
Content and A...,$0.012871,$0.226006,-94.3050184508376
Innova,$0.198264,$3.58,-94.4618994413408
Numeraire,$7.72,$139.72,-94.4746636129402
FidentiaX,$0.034264,$0.624375,-94.5122722722723
Cropcoin,$0.026210,$0.479214,-94.5306272354314
FAPcoin,$0.000658,$0.012121,-94.5714049995875
PoSToken,$0.069681,$1.31,-94.6808396946565
Jesus Coin,$0.000050,$0.000966,-94.824016563147
HollyWoodCoin,$1.23,$23.96,-94.8664440734558
Superior Coin,$0.000486,$0.009776,-95.0286415711948
Patientory,$0.076657,$1.55,-95.0543870967742
Freicoin,$0.005128,$0.107150,-95.2141857209519
BitWhite,$0.021340,$0.453196,-95.291220575645
XGOX,$0.000928,$0.019791,-95.310999949472
ZoZoCoin,$0.057191,$1.22,-95.3122131147541
CryptoCarbon,$0.125411,$2.80,-95.5210357142857
Magnetcoin,$0.061136,$1.38,-95.5698550724638
DIMCOIN,$0.006183,$0.144626,-95.7248350918922
Signatum,$0.000986,$0.023124,-95.7360318284034
TodayCoin,$0.000403,$0.009548,-95.7792207792208
ZSEcoin,$0.006771,$0.160517,-95.7817552034987
HOdlcoin,$0.001709,$0.040617,-95.7924021961248
ZenGold,$0.015039,$0.358303,-95.8027144623405
BitDegree,$0.019604,$0.473162,-95.8568101411356
Crystal Clear ,$0.051406,$1.26,-95.9201587301587
Cryptonite,$0.001557,$0.038408,-95.9461570506145
CanYaCoin,$0.110878,$2.75,-95.9680727272727
LetItRide,$0.000526,$0.013084,-95.9798226841944
Bitair,$0.000475,$0.012144,-96.08860342556
PlexCoin,$0.005904,$0.151230,-96.0960126958937
BetaCoin,$0.002432,$0.063174,-96.1503150030076
Madcoin,$0.031275,$0.847521,-96.3098259512154
Rcoin,$0.000068,$0.001851,-96.3263101026472
MaxCoin,$0.078308,$2.18,-96.4078899082569
Ebittree Coin,$0.000526,$0.014671,-96.414695658101
Magnum,$0.000526,$0.014754,-96.434865121323
Tracto,$0.060619,$1.72,-96.4756395348837
Pioneer Coin,$0.021759,$0.661901,-96.7126503812504
Coimatic 2.0,$0.000329,$0.010110,-96.7457962413452
Aigang,$0.084346,$2.61,-96.7683524904215
UltraCoin,$0.006639,$0.206622,-96.7868861979847
Ignis,$0.070098,$2.20,-96.8137272727273
W3Coin,$0.000256,$0.008316,-96.9215969215969
Asiadigicoin,$0.001315,$0.043677,-96.9892620830185
Bitcoin Diamond,$2.54,$84.58,-96.996925987231
Arbitracoin,$0.010649,$0.358823,-97.0322415229793
STRAKS,$0.272548,$9.36,-97.0881623931624
Peerguess,$0.005225,$0.182688,-97.1399325626204
Catcoin,$0.016697,$0.588150,-97.1610983592621
FirstCoin,$0.019716,$0.699626,-97.1819229130993
Auroracoin,$0.489644,$17.39,-97.1843358251869
Super Bitcoin,$6.85,$248.46,-97.2430169846253
Octoin Coin,$0.354839,$13.12,-97.2954344512195
BestChain,$0.002171,$0.081886,-97.3487531446157
Steneum Coin,$0.053389,$2.14,-97.5051869158878
UniversalRoya...,$0.000275,$0.011033,-97.5074775672981
Escroco,$0.084144,$3.50,-97.5958857142857
EcoCoin,$0.068313,$2.86,-97.6114335664336
Vezt,$0.036559,$1.64,-97.7707926829268
Interstellar ...,$0.004010,$0.180866,-97.7828889896388
Sparks,$0.131475,$6.07,-97.8340197693575
Etherecash,$0.018306,$0.872797,-97.9026050731155
GameUnits,$0.032211,$1.63,-98.0238650306749
QuazarCoin,$0.015345,$0.780115,-98.0329823167097
OP Coin,$0.001052,$0.054713,-98.0772394129366
BT2 [CST],$16.17,$850.05,-98.0977589553556
TenX,$0.639025,$34.03,-98.1221716132824
EtherDelta Token,$0.002242,$0.122372,-98.1678815415291
United Bitcoin,$8.14,$460.99,-98.2342350159439
Kubera Coin,$0.002099,$0.123683,-98.3029195604893
Everus,$0.063412,$3.89,-98.3698714652956
Global Crypto...,$0.003093,$0.190860,-98.3794404275385
MyBit Token,$0.058483,$3.65,-98.3977260273973
CrevaCoin,$0.000131,$0.008393,-98.4391755033957
PRCoin,$0.000657,$0.042798,-98.4648815365204
Qbic,$0.221102,$14.55,-98.4803986254296
Litecoin Cash,$0.049569,$3.33,-98.5114414414414
Bankcoin,$0.007997,$0.539729,-98.5183304954894
Royal Kingdom...,$0.005522,$0.382420,-98.5560378641284
ZrCoin,$0.806185,$56.68,-98.5776552575864
NuShares,$0.000074,$0.005217,-98.5815602836879
MagicCoin,$0.351695,$25.12,-98.5999402866242
Harvest Maste...,$0.056426,$4.13,-98.6337530266344
Vulcano,$0.000255,$0.019970,-98.7230846269404
Bitdeal,$0.004146,$0.325690,-98.7270103472627
Fitrova,$0.000078,$0.006318,-98.7654320987654
LandCoin,$0.002629,$0.213286,-98.7673827630506
Interzone,$0.008086,$0.669166,-98.7916301784609
DaxxCoin,$0.000394,$0.032942,-98.8039584724668
CrowdCoin,$0.049566,$4.96,-99.000685483871
Minex,$0.006524,$0.659398,-99.0106127103813
CacheCoin,$0.010865,$1.20,-99.0945833333334
808Coin,$0.000011,$0.001334,-99.1754122938531
Datacoin,$0.004667,$0.570340,-99.1817161693025
LevoPlus,$0.000831,$0.105067,-99.2090761133372
RonPaulCoin,$0.147647,$18.70,-99.2104438502674
MCAP,$0.053137,$6.85,-99.2242773722628
HiCoin,$0.000647,$0.084009,-99.229844421431
Credence Coin,$0.010821,$1.46,-99.2588356164384
HealthyWormCoin,$0.000197,$0.026759,-99.2637990956314
Powercoin,$0.000003,$0.000412,-99.2718446601942
GlassCoin,$0.006508,$1.06,-99.3860377358491
Levocoin,$0.000526,$0.086444,-99.3915135810467
Abjcoin,$0.006240,$1.03,-99.3941747572815
Numus,$0.177323,$30.41,-99.4168924695824
Garlicoin,$0.014683,$2.60,-99.4352692307692
Bitbase,$0.000460,$0.082223,-99.4405458326746
Bastonet,$0.000066,$0.011954,-99.4478835536222
Tristar Coin,$0.000206,$0.037889,-99.4563065797461
Akuya Coin,$0.002629,$0.592790,-99.5565039896085
Fujinto,$0.001973,$0.465367,-99.5760335391207
Master Swiscoin,$0.000654,$0.186751,-99.6498010720157
HomeBlockCoin,$0.031227,$10.67,-99.7073383317713
Pundi X,$0.011290,$3.89,-99.7097686375321
PayCoin,$0.025412,$8.97,-99.7167001114827
Fazzcoin,$0.003090,$1.13,-99.7265486725664
Operand,$0.001052,$0.447822,-99.7650852347585
Aerium,$0.005062,$2.23,-99.7730044843049
KashhCoin,$0.000068,$0.035638,-99.8091924350413
BitSoar,$0.000197,$0.104472,-99.8114327283865
EA Coin,$0.010584,$5.65,-99.8126725663717
Regalcoin,$0.022257,$12.44,-99.8210852090032
StrikeBitClub,$0.001315,$0.767093,-99.8285735888608
DynamicCoin,$0.000308,$0.189090,-99.8371146015125
GOLD Reward T...,$0.005419,$3.53,-99.8464872521246
ReeCoin,$0.000069,$0.061730,-99.8882229062044
Xaurum,$0.045349,$63.32,-99.9283812381554
TerraNova,$2.74,$4387.36,-99.9375478647752
SegWit2x,$0.585264,$959.51,-99.9390038665569
BitSerial,$0.003067,$5.67,-99.9459082892416
TEKcoin,$0.000131,$0.244464,-99.9464133778389
Bitcoin Atom,$0.656575,$1401.25,-99.9531436217663
UNCoin,$0.000066,$0.204643,-99.9677487136135
Decentralized...,$0.032060,$154.08,-99.9791926272066
Breakout,$0.116508,$654.20,-99.9821907673494
Coimatic 3.0,$0.002493,$18.38,-99.986436343852
FuturXe,$0.000065,$0.843532,-99.9922943053731
Royalties,$0.000062,$0.891098,-99.9930422916447
DigiCube,$0.000066,$1.78,-99.9962921348315
GBCGoldCoin,$0.000210,$5.95,-99.9964705882353
E-Dinar Coin,$0.009817,$1089.93,-99.999099299955
POLY AI,$0.000132,$19.54,-99.9993244626407
Dix Asset,$0.000007,$1.68,-99.9995833333333
Electra,$0.001312,$792.66,-99.9998344813666
Bitok,$0.000066,$484.73,-99.9999863841726
